-- 부서 db --
INSERT INTO  sixbeam_erp.hr_depart_tb(depart_cd, depart_nm) VALUES (101,'인사'),(102,'생산'),(103,'재고'),(104,'영업'),(105,'구매'),(106,'회계');
-- 직책 db --
INSERT INTO sixbeam_erp.hr_position_tb(position_cd, position_nm) VALUES (301,'사원'),(302,'사원'),(303,'주임'),(304,'대리'),(305,'과장'),(306,'차장'),(307,'부장');
-- 사원 정보 db--
INSERT INTO sixbeam_erp.hr_empinfo_tb(empinfo_id, empinfo_account_no, empinfo_addr, empinfo_bank, empinfo_birth, empinfo_email, empinfo_etc, empinfo_join_dt, empinfo_nm, empinfo_phone, empinfo_pw, empinfo_qr, empinfo_quit_dt, empinfo_sex, empinfo_totalnoy, depart_cd, position_cd) VALUES
(20241001,'123-456-0001','수원시 권선구','Bank 0','1990-01-01','employee1@example.com',NULL,'2024-02-06','임호진','123-456-0000','0',NULL,'2024-02-06',1,0,101,301),
(20241002,'123-456-0002','수원시 권선구','Bank 1','1991-01-01','employee2@example.com',NULL,'2024-02-06','천준호','123-456-0001','1',NULL,'2024-03-06',1,0,102,302),
(20241003,'123-456-0003','수원시 권선구','Bank 2','1992-01-01','employee3@example.com',NULL,'2024-02-06','임지환','123-456-0002','2',NULL,'2024-04-06',1,0,103,303),
(20241004,'123-456-0004','수원시 권선구','Bank 3','1993-01-01','employee4@example.com',NULL,'2024-02-06','이상효','123-456-0003','3',NULL,'2024-05-06',1,0,104,304),
(20241005,'123-456-0005','수원시 권선구','Bank 4','1994-01-01','employee5@example.com',NULL,'2024-02-06','김선진','123-456-0004','4',NULL,'2024-06-06',1,0,105,305),
(20241006,'123-456-0006','수원시 권선구','Bank 5','1995-01-01','employee6@example.com',NULL,'2024-02-06','이동규','123-456-0005','5',NULL,'2024-07-06',1,0,106,306),
(20241007,'123-456-0007','수원시 권선구','Bank 6','1996-01-01','employee7@example.com',NULL,'2024-02-06','서준하','123-456-0006','6',NULL,'2024-08-06',1,0,101,307),
(20241008,'123-456-0008','수원시 권선구','Bank 7','1997-01-01','employee8@example.com',NULL,'2024-02-06','김예은','123-456-0007','7',NULL,'2024-09-06',0,0,102,301),
(20241009,'123-456-0009','수원시 권선구','Bank 8','1998-01-01','employee9@example.com',NULL,'2024-02-06','김영훈','123-456-0008','8',NULL,'2024-10-06',1,0,103,302),
(20241010,'123-456-0010','수원시 권선구','Bank 9','1999-01-01','employee10@example.com',NULL,'2024-02-06','박종현','123-456-0009','9',NULL,'2024-11-06',1,0,104,303),
(20241011,'123-456-0011','수원시 권선구','Bank 10','2000-01-01','employee11@example.com',NULL,'2024-02-06','서주완','123-456-0010','10',NULL,'2024-12-06',1,0,105,304),
(20241012,'123-456-0012','수원시 권선구','Bank 11','2001-01-01','employee12@example.com',NULL,'2024-02-06','박주성','123-456-0011','11',NULL,'2025-01-06',1,0,106,305),
(20241013,'123-456-0013','수원시 권선구','Bank 12','2002-01-01','employee13@example.com',NULL,'2024-02-06','김태일','123-456-0012','12',NULL,'2025-02-06',1,0,101,306),
(20241014,'123-456-0014','수원시 권선구','Bank 13','2003-01-01','employee14@example.com',NULL,'2024-02-06','김가을','123-456-0013','13',NULL,'2025-03-06',1,0,102,307),
(20241015,'123-456-0015','수원시 권선구','Bank 14','2004-01-01','employee15@example.com',NULL,'2024-02-06','서예성','123-456-0014','14',NULL,'2025-04-06',1,0,103,301),
(20241016,'123-456-0016','수원시 권선구','Bank 15','2005-01-01','employee16@example.com',NULL,'2024-02-06','조현주','123-456-0015','15',NULL,'2025-05-06',1,0,104,302),
(20241017,'123-456-0017','수원시 권선구','Bank 16','2006-01-01','employee17@example.com',NULL,'2024-02-06','황정은','123-456-0016','16',NULL,'2025-06-06',1,0,105,303),
(20241018,'123-456-0018','수원시 권선구','Bank 17','2007-01-01','employee18@example.com',NULL,'2024-02-06','김세중','123-456-0017','17',NULL,'2025-07-06',1,0,106,304),
(20241019,'123-456-0019','수원시 권선구','Bank 18','2008-01-01','employee19@example.com',NULL,'2024-02-06','이충현','123-456-0018','18',NULL,'2025-08-06',1,0,101,305),
(20241020,'123-456-0020','수원시 권선구','Bank 19','2009-01-01','employee20@example.com',NULL,'2024-02-06','박박박','123-456-0019','19',NULL,'2025-09-06',1,0,102,306),
(20241021,'123-456-0001','수원시 권선구','Bank 0','1990-01-01','employee21@example.com',NULL,'2024-02-06','임호진','123-456-0000','0',NULL,'2024-02-06',1,0,103,307),
(20241022,'123-456-0002','수원시 권선구','Bank 1','1991-01-01','employee2@example.com',NULL,'2024-02-06','천준호','123-456-0001','1',NULL,'2024-03-06',1,0,104,301);
-- 거래처 db --
INSERT INTO sixbeam_erp.ac_account_tb (account_acnb, account_add, account_bank, account_cd, account_etc, account_nb, account_nm, account_pic, account_rep, account_sectors)
values
('685-0473786985', '서울시 광진구', '카카오뱅크', 'CPN0831580507', null, '0831580507', '롯데', '임지환', '신격호', '유통'),
('783-6930006568', '경기도 성남시', '하나은행', 'CPN0896202274', null, '0896202274', '소니', '김선진', '모리타아키오', '제조'),
('033-4551844212', '서울시 구로구', '하나은행', 'CPN1203760813', null, '1203760813', 'NAVER', '임호진', '이해진', 'IT'),
('483-1484534403', '서울시 영등포구', '하나은행', 'CPN3058270672', null, '3058270672', 'POSCO', '임호진', '박태준', '제조'),
('098-7663007851', '서울시 강서구', '신한은행', 'CPN3184469866', null, '3184469866', '카카오', '임호진', '김범수', 'IT'),
('553-3530031122', '서울시 용산구', '신한은행', 'CPN4244014868', null, '4244014868', 'GS', '박종현', '허만정', '유통'),
('919-6316264851', '서울시 서초구', '하나은행', 'CPN5221945160', null, '5221945160', 'KT', '김영훈', '김영섭', '통신'),
('656-8255128990', '서울시 도봉구', '농협은행', 'CPN5431051314', null, '5431051314', 'APPLE', '이상효', '스티브잡스', 'IT'),
('145-3669839433', '서울시 관악구', '국민은행', 'CPN5593852744', null, '5593852744', 'SKT', '김영훈', '유영상', '통신'),
('951-3479499431', '서울시 중구', '우리은행', 'CPN6234714473', null, '6234714473', '두산', '박종현', '박승직', '건설'),
('973-4812556890', '서울시 종로구', '카카오뱅크', 'CPN6357090862', null, '6357090862', 'CJ', '박종현', '이병철', '유통'),
('012-0516866831', '서울시 금천구', '농협은행', 'CPN7551487293', null, '7551487293', 'NCsoft', '김영훈', '김택진', 'IT'),
('310-4668131524', '경기도 용인시', '우리은행', 'CPN8641151763', null, '8641151763', '대한통운', '김선진', '강신호', '유통'),
('859-4026701001', '서울시 동작구', '신한은행', 'CPN9769359992', null, '9769359992', 'LGU', '김영훈', '황현식', '통신'),
('673-7705371755', '서울시 노원구', '신한은행', 'CPN0764320143', '구매처', '0764320143', 'BRAVOTEC', '이상효', '김영진', '제조'),
('540-9279534862', '서울시 성북구', '국민은행', 'CPN1029807529', '구매처', '1029807529', 'AMD', '이상효', '제리샌더스', '제조'),
('226-6876859474', '서울시 성동구', '국민은행', 'CPN1173291319', '구매처', '1173291319', 'GIGABYTE', '임지환', '예페이청', '제조'),
('074-3127136659', '경기도 김포시', '하나은행', 'CPN1856927584', '구매처', '1856927584', '웨스턴디지털', '김선진', '앨빈필립스', '제조'),
('888-9898204726', '서울시 송파구', '농협은행', 'CPN2266939105', '구매처', '2266939105', '로지텍', '임지환', '다니엘보렉', '제조'),
('821-8168143276', '서울시 강동구', '우리은행', 'CPN4282222263', '구매처', '4282222263', '삼성전자', '임지환', '이건희', '제조'),
('703-1720820252', '서울시 마포구', '하나은행', 'CPN4308575449', '구매처', '4308575449', '애즈락', '박종현', '쉬스창', '제조'),
('067-6986366840', '서울시 동대문구', '카카오뱅크', 'CPN5277628939', '구매처', '5277628939', '인텔', '임지환', '고든무어', '제조'),
('517-5649280480', '서울시 강남구', '우리은행', 'CPN5836847354', '구매처', '5836847354', '마이크로닉스', '김영훈', '김종원', '제조'),
('025-9153541675', '경기도 하남시', '농협은행', 'CPN6543637212', '구매처', '6543637212', 'SEASONIC', '김선진', '칼벤츠', '제조'),
('098-4649694312', '서울시 강북구', '신한은행', 'CPN6814402423', '구매처', '6814402423', 'ZOTAC', '이상효', '김성표', '유통'),
('249-8986691231', '서울시 서대문구', '하나은행', 'CPN7422636804', '구매처', '7422636804', '다크플래시', '박종현', '민희진', '제조'),
('112-7155262063', '서울시 은평구', '국민은행', 'CPN8766713365', '구매처', '8766713365', '아수스', '임호진', '테드수', '제조'),
('875-3926701002', '경기도 안양시', '카카오뱅크', 'CPN8769359993', '구매처', '8769359993', '한성컴퓨터', '임호진', '한동열', '제조'),
('151-3927322602', '서울시 양천구', '농협은행', 'CPN8956377612', '구매처', '8956377612', 'EMTEK', '임호진', '박민규', '유통'),
('887-3826701003', '경기도 군포시', '카카오뱅크', 'CPN9469359994', '구매처', '9469359994', '레이저', '임호진', '로버트크라코프', '유통'),
('081-7901698385', '서울시 중랑구', '신한은행', 'CPN6287772501', '구매처 ', '6287772501', 'SK하이닉스', '이상효', '곽노정', '제조'),
('642-0290265811', '경기도 수원시 ', '우리은행', 'RTS1010101010', '소매매출', '8832918761', '개인거래', '김선진', 'CUSTOMER', '소매');
---- 재무상태표 db --
--INSERT INTO sixbeam_erp.ac_bs_tb (bs_building, bs_capital, bs_cash, bs_earnings, bs_fac, bs_inventories, bs_land, bs_long_bor, bs_payables, bs_receivables, bs_dt) VALUES (200000000,250000000,10000000,32000000,100000000,30000000,200000000,260000000,3000000,5000000,'2022Q4');
--INSERT INTO sixbeam_erp.ac_bs_tb (bs_building, bs_capital, bs_cash, bs_earnings, bs_fac, bs_inventories, bs_land, bs_long_bor, bs_payables, bs_receivables, bs_dt) VALUES (200000000,250000000,10000000,41000000,100000000,40000000,200000000,260000000,6000000,7000000,'2023Q3');
--INSERT INTO sixbeam_erp.ac_bs_tb (bs_building, bs_capital, bs_cash, bs_earnings, bs_fac, bs_inventories, bs_land, bs_long_bor, bs_payables, bs_receivables, bs_dt) VALUES (200000000,250000000,10000000,51000000,100000000,50000000,200000000,260000000,8000000,9000000,'2024Q1');
---- 손익계산서 db ---
--INSERT INTO sixbeam_erp.ac_is_tb (is_cortax_exp,is_cost_sales,is_inter_exp,is_inter_inc,is_net_sales,is_wages,is_dt) values
--(15000,50000,2000,1500,100000,1000,'2022Q3'),
--(18000,55000,2000,1500,120000,1200,'2023Q4'),
--(21000,60000,2000,1500,140000,1300,'2024Q1');
-- 창고등록 DB --
insert into sixbeam_erp.st_whregist_tb (whregist_cd, whregist_nm) values('WHR1001','본사창고');
insert into sixbeam_erp.st_whregist_tb (whregist_cd, whregist_nm) values('WHR1002','생산창고');
insert into sixbeam_erp.st_whregist_tb (whregist_cd, whregist_nm) values('WHR1003','자재창고');
---- item db ----
INSERT INTO sixbeam_erp.pd_item_tb (item_up, item_cd, item_nm, item_stnd) VALUES
(1363500, 'F1001', 'ASSEMBLE-PC', 'PC-DESKTOP'),
(1935000, 'F1002', 'ASSEMBLE-PC', 'PC-DESKTOP'),
(1504500, 'F1003', 'ASSEMBLE-PC', 'PC-DESKTOP'),
(1520500, 'F1004', 'ASSEMBLE-PC', 'PC-DESKTOP'),
(2092000, 'F1005', 'ASSEMBLE-PC', 'PC-DESKTOP'),
(410000, 'R1001', 'INTEL-CPU', 'CPU-I5-13600K'),
(510000, 'R1002', 'AMD-CPU', 'CPU-R7-G5'),
(55000, 'R1003', 'SAMSUNG-RAM', 'RAM-DDR5-16GB'),
(29000, 'R1004', 'SKHYNIX-RAM', 'RAM-DDR4-8GB'),
(98000, 'R1005', 'ASUS-MAINBOARD', 'MAINBOARD-H610M'),
(170000, 'R1006', 'ASROCK-MAINBOARD', 'MAINBOARD-B760M'),
(269000, 'R1007', 'GIGABYTE-MAINBOARD', 'MAINBOARD-B650M'),
(403000, 'R1008', 'ASUS-VGA', 'VGA-RTX4060'),
(791000, 'R1009', 'ZOTAC-VGA', 'VGA-RTX4070'),
(538000, 'R1010', 'EMTEK-VGA', 'VGA-RTX4060TI'),
(128000, 'R1011', 'SKHYNIX-SSD', 'SSD-1TB'),
(115000, 'R1012', 'WESTERNDIGITAL-HDD', 'HDD-4TB'),
(68000, 'R1013', 'SAMSUNG-SSD', 'SSD-512GB'),
(98000, 'R1014', 'DARKFLASH-CASE', 'CASE-ITX'),
(45000, 'R1015', 'BRAVOTEC-CASE', 'CASE-MATX'),
(126000, 'R1016', 'SEASONIC-POWER', 'POWER-750W'),
(54500, 'R1017', 'MICRONICS-POWER', 'POWER-500W'),
(77500, 'R1018', 'LOGITECH-KEYBOARD', 'KEYBOARD-T'),
(189000, 'R1019', 'HANSUNG-KEYBOARD', 'KEYBOARD-TL'),
(72900, 'R1020', 'RAZER-MOUSE', 'MOUSE-WL');
---- fitem db ----
insert into sixbeam_erp.pd_fitem_tb (item_cd, item_nm, item_stnd, item_up) values
('F1001', 'ASSEMBLE-PC', 'PC-DESKTOP', 1363500),
('F1002', 'ASSEMBLE-PC', 'PC-DESKTOP', 1935000),
('F1003', 'ASSEMBLE-PC', 'PC-DESKTOP', 1504500),
('F1004', 'ASSEMBLE-PC', 'PC-DESKTOP', 1520500),
('F1005', 'ASSEMBLE-PC', 'PC-DESKTOP', 2092000);
---- ritem db ----
insert into sixbeam_erp.pd_ritem_tb (item_cd, item_nm, item_stnd, item_up) values
('R1001', 'INTEL-CPU', 'CPU-I5-13600K', 410000),
('R1002', 'AMD-CPU', 'CPU-R7-G5', 510000),
('R1003', 'SAMSUNG-RAM', 'RAM-DDR5-16GB', 55000),
('R1004', 'SKHYNIX-RAM', 'RAM-DDR4-8GB', 29000),
('R1005', 'ASUS-MAINBOARD', 'MAINBOARD-H610M', 98000),
('R1006', 'ASROCK-MAINBOARD', 'MAINBOARD-B760M', 170000),
('R1007', 'GIGABYTE-MAINBOARD', 'MAINBOARD-B650M', 269000),
('R1008', 'ASUS-VGA', 'VGA-RTX4060', 403000),
('R1009', 'ZOTAC-VGA', 'VGA-RTX4070', 791000),
('R1010', 'EMTEK-VGA', 'VGA-RTX4060TI', 538000),
('R1011', 'SKHYNIX-SSD', 'SSD-1TB', 128000),
('R1012', 'WESTERNDIGITAL-HDD', 'HDD-4TB', 115000),
('R1013', 'SAMSUNG-SSD', 'SSD-512GB', 68000),
('R1014', 'DARKFLASH-CASE', 'CASE-ITX', 98000),
('R1015', 'BRAVOTEC-CASE', 'CASE-MATX', 45000),
('R1016', 'SEASONIC-POWER', 'POWER-750W', 126000),
('R1017', 'MICRONICS-POWER', 'POWER-500W', 54500),
('R1018', 'LOGITECH-KEYBOARD', 'KEYBOARD-T', 77500),
('R1019', 'HANSUNG-KEYBOARD', 'KEYBOARD-TL', 189000),
('R1020', 'RAZER-MOUSE', 'MOUSE-WL', 72900);
---- bom db ----
insert into sixbeam_erp.pd_bom_tb (fitem_cd, ritem_cd, bom_use_mt, bom_work_tm) values
('F1001', 'R1001', 1, '00:45:00'),
('F1001', 'R1003', 2, '00:45:00'),
('F1001', 'R1005', 1, '00:45:00'),
('F1001', 'R1008', 1, '00:45:00'),
('F1001', 'R1011', 1, '00:45:00'),
('F1001', 'R1012', 1, '00:45:00'),
('F1001', 'R1015', 1, '00:45:00'),
('F1001', 'R1017', 1, '00:45:00'),
('F1002', 'R1002', 1, '00:50:00'),
('F1002', 'R1004', 2, '00:50:00'),
('F1002', 'R1007', 1, '00:50:00'),
('F1002', 'R1009', 1, '00:50:00'),
('F1002', 'R1013', 2, '00:50:00'),
('F1002', 'R1015', 1, '00:50:00'),
('F1002', 'R1016', 1, '00:50:00'),
('F1003', 'R1002', 1, '00:40:00'),
('F1003', 'R1003', 1, '00:40:00'),
('F1003', 'R1007', 1, '00:40:00'),
('F1003', 'R1008', 1, '00:40:00'),
('F1003', 'R1012', 1, '00:40:00'),
('F1003', 'R1014', 1, '00:40:00'),
('F1003', 'R1017', 1, '00:40:00'),
('F1004', 'R1002', 1, '00:45:00'),
('F1004', 'R1003', 1, '00:45:00'),
('F1004', 'R1006', 1, '00:45:00'),
('F1004', 'R1008', 1, '00:45:00'),
('F1004', 'R1012', 2, '00:45:00'),
('F1004', 'R1014', 1, '00:45:00'),
('F1004', 'R1017', 1, '00:45:00'),
('F1005', 'R1001', 1, '01:20:00'),
('F1005', 'R1004', 4, '01:20:00'),
('F1005', 'R1006', 1, '01:20:00'),
('F1005', 'R1008', 2, '01:20:00'),
('F1005', 'R1012', 2, '01:20:00'),
('F1005', 'R1013', 2, '01:20:00'),
('F1005', 'R1014', 1, '01:20:00'),
('F1005', 'R1016', 1, '01:20:00');
---- order db ----
insert into sixbeam_erp.pd_order_tb (order_deliv_dt, order_inst_dt, order_st, empinfo_id, order_amt, item_cd, order_cd) values
('2024-01-09', '2024-01-02', 0, '20241009', '2', 'F1002', 'OD2024-002'),
('2024-01-09', '2024-01-02', 0, '20241009', '5', 'F1001', 'OD2024-003'),
('2024-01-21', '2024-01-14', 1, '20241007', '7', 'R1004', 'OD2024-009'),
('2024-01-24', '2024-01-17', 1, '20241009', '8', 'R1005', 'OD2024-010'),
('2024-01-29', '2024-01-22', 0, '20241009', '3', 'R1007', 'OD2024-012');
---- inout db ----
insert into sixbeam_erp.pd_inout_tb (inout_cmpt_cd, inout_dt, empinfo_id, order_cd, whregist_cd, item_cd) values
('CMPT240103-042', '2024-01-03 00:00:00.000000', 20241009, 'OD2024-003', 'WHR1003', 'F1001'),
('CMPT240103-041', '2024-01-03 00:00:00.000000', 20241009, 'OD2024-002', 'WHR1003', 'F1002'),
('CMPT240123-005', '2024-01-23 00:00:00.000000', 20241009, 'OD2024-012', 'WHR1003', 'R1007');
-- 창고이동 DB --
insert into sixbeam_erp.st_whmove_tb (whmove_amt,whmove_dt,empinfo_id,as_cd,inputpur_cd,item_cd,sale_cd,whmove_cd,whmove_gb,whregist_cd) values
(1,'2024-01-02','20241009',null,null,'F1001',null,'WHM20240102-0001','출고','WHR1002'),
(5,'2024-01-02','20241001',null, 'PUR20240102-0001','R1001',null,'WHM20240102-0002','입고','WHR1003'),
(10,'2024-01-02','20241001',null, 'PUR20240102-0002','R1003',null,'WHM20240102-0003','입고','WHR1003'),
(2,'2024-01-03','20241009',null,null,'F1002',null,'WHM20240103-0001','출고','WHR1002'),
(5,'2024-01-03','20241009',null,null,'F1001',null,'WHM20240103-0002','출고','WHR1002'),
(7,'2024-01-03','20241002',null, 'PUR20240103-0001','R1011',null,'WHM20240103-0003','입고','WHR1003'),
(9,'2024-01-03','20241002',null, 'PUR20240103-0002','R1012',null,'WHM20240103-0004','입고','WHR1003'),
(15,'2024-01-03','20241002',null, 'PUR20240103-0003','R1013',null,'WHM20240103-0005','입고','WHR1003'),
(1,'2024-01-04','20241008',null,null,'F1001',null,'WHM20240104-0001','입고','WHR1003'),
(4,'2024-01-04','20241007',null,null,'F1004',null,'WHM20240104-0002','출고','WHR1002'),
(13,'2024-01-04','20241003',null, 'PUR20240104-0001','R1002',null,'WHM20240104-0003','입고','WHR1003'),
(20,'2024-01-04','20241003',null, 'PUR20240104-0002','R1005',null,'WHM20240104-0004','입고','WHR1003'),
(2,'2024-01-05','20241008',null,null,'F1002',null,'WHM20240105-0001','입고','WHR1003'),
(5,'2024-01-05','20241008',null,null,'F1001',null,'WHM20240105-0002','입고','WHR1003'),
(10,'2024-01-05','20241009',null,null,'F1005',null,'WHM20240105-0003','출고','WHR1002'),
(16,'2024-01-05','20241004',null, 'PUR20240105-0001','R1006',null,'WHM20240105-0004','입고','WHR1003'),
(17,'2024-01-05','20241004',null, 'PUR20240105-0002','R1007',null,'WHM20240105-0005','입고','WHR1003'),
(13,'2024-01-05','20241004',null, 'PUR20240105-0003','R1008',null,'WHM20240105-0006','입고','WHR1003'),
(4,'2024-01-08','20241008',null,null,'F1004',null,'WHM20240108-0001','입고','WHR1003'),
(10,'2024-01-08','20241008',null,null,'F1005',null,'WHM20240108-0002','입고','WHR1003'),
(50,'2024-01-08','20241005',null, 'PUR20240108-0005','R1004',null,'WHM20240108-0003','입고','WHR1003'),
(15,'2024-01-08','20241005',null, 'PUR20240108-0009','R1005',null,'WHM20240108-0004','입고','WHR1003'),
(25,'2024-01-08','20241005',null, 'PUR20240108-0010','R1006',null,'WHM20240108-0005','입고','WHR1003'),
(25,'2024-01-08','20241005',null, 'PUR20240108-0001','R1014',null,'WHM20240108-0006','입고','WHR1003'),
(30,'2024-01-08','20241005',null, 'PUR20240108-0002','R1015',null,'WHM20240108-0007','입고','WHR1003'),
(25,'2024-01-08','20241005',null, 'PUR20240108-0003','R1016',null,'WHM20240108-0008','입고','WHR1003'),
(35,'2024-01-08','20241005',null, 'PUR20240108-0004','R1017',null,'WHM20240108-0009','입고','WHR1003'),
(30,'2024-01-08','20241005',null, 'PUR20240108-0006','R1018',null,'WHM20240108-0010','입고','WHR1003'),
(37,'2024-01-08','20241005',null, 'PUR20240108-0007','R1019',null,'WHM20240108-0011','입고','WHR1003'),
(40,'2024-01-08','20241005',null, 'PUR20240108-0008','R1020',null,'WHM20240108-0012','입고','WHR1003'),
(20,'2024-01-09','20241007',null,null,'R1001',null,'WHM20240109-0001','출고','WHR1002'),
(20,'2024-01-09','20241006',null, 'PUR20240109-0001','R1001',null,'WHM20240109-0002','입고','WHR1003'),
(17,'2024-01-09','20241006',null, 'PUR20240109-0002','R1002',null,'WHM20240109-0003','입고','WHR1003'),
(36,'2024-01-09','20241006',null, 'PUR20240109-0003','R1003',null,'WHM20240109-0004','입고','WHR1003'),
(45,'2024-01-09','20241006',null, 'PUR20240109-0004','R1004',null,'WHM20240109-0005','입고','WHR1003'),
(36,'2024-01-09','20241006',null, 'PUR20240109-0005','R1005',null,'WHM20240109-0006','입고','WHR1003'),
(31,'2024-01-09','20241006',null, 'PUR20240109-0006','R1006',null,'WHM20240109-0007','입고','WHR1003'),
(23,'2024-01-09','20241006',null, 'PUR20240109-0007','R1007',null,'WHM20240109-0008','입고','WHR1003'),
(18,'2024-01-09','20241006',null, 'PUR20240109-0008','R1008',null,'WHM20240109-0009','입고','WHR1003'),
(20,'2024-01-09','20241006',null, 'PUR20240109-0009','R1009',null,'WHM20240109-0010','입고','WHR1003'),
(20,'2024-01-09','20241006',null, 'PUR20240109-0010','R1010',null,'WHM20240109-0011','입고','WHR1003'),
(15,'2024-01-10','20241007',null,null,'R1002',null,'WHM20240110-0001','출고','WHR1002'),
(20,'2024-01-11','20241008',null,null,'R1001',null,'WHM20240111-0001','입고','WHR1003'),
(13,'2024-01-11','20241009',null,null,'R1003',null,'WHM20240111-0002','출고','WHR1002'),
(15,'2024-01-12','20241008',null,null,'R1002',null,'WHM20240112-0001','입고','WHR1003'),
(13,'2024-01-15','20241008',null,null,'R1003',null,'WHM20240115-0001','입고','WHR1003'),
(7,'2024-01-15','20241007',null,null,'R1004',null,'WHM20240115-0002','출고','WHR1002'),
(7,'2024-01-17','20241008',null,null,'R1004',null,'WHM20240117-0001','입고','WHR1003'),
(8,'2024-01-18','20241009',null,null,'R1005',null,'WHM20240118-0001','출고','WHR1002'),
(8,'2024-01-19','20241008',null,null,'R1005',null,'WHM20240119-0001','입고','WHR1003'),
(8,'2024-01-22','20241007',null,null,'R1006',null,'WHM20240122-0001','출고','WHR1002'),
(3,'2024-01-23','20241009',null,null,'R1007',null,'WHM20240123-0001','출고','WHR1002'),
(8,'2024-01-24','20241008',null,null,'R1006',null,'WHM20240124-0001','입고','WHR1003'),
(2,'2024-01-24','20241007',null,null,'R1008',null,'WHM20240124-0002','출고','WHR1002'),
(3,'2024-01-25','20241008',null,null,'R1007',null,'WHM20240125-0001','입고','WHR1003'),
(2,'2024-01-26','20241008',null,null,'R1008',null,'WHM20240126-0001','입고','WHR1003'),
(3,'2024-01-29','20241008',null,null,'F1001',null,'WHM20240129-0001','출고','WHR1003'),
(3,'2024-01-31','20241004',null,null,'F1001',null,'WHM20240131-0001','입고','WHR1001'),
(5,'2024-01-31','20241001',null,null,'F1001', 'SS220202-0101','WHM20240131-0002','출고','WHR1001'),
(7,'2024-02-01','20241008',null,null,'F1003',null,'WHM20240201-0001','출고','WHR1003'),
(8,'2024-02-01','20241005',null,null,'F1002', 'SS220202-0102','WHM20240201-0002','출고','WHR1001'),
(7,'2024-02-02','20241004',null,null,'F1003',null,'WHM20240202-0001','입고','WHR1001'),
(3,'2024-02-15','20241007',null,null,'F1003', 'SS220202-0103','WHM20240215-0001','출고','WHR1001'),
(10,'2024-03-02','20241001',null,null,'F1004', 'SS220202-0104','WHM20240302-0001','출고','WHR1001'),
(7,'2024-03-20','20241005',null,null,'F1005', 'SS220202-0105','WHM20240320-0001','출고','WHR1001'),
(6,'2024-08-12','20241007',null,null,'R1001', 'SS220202-0106','WHM20240812-0001','출고','WHR1001'),
(9,'2024-08-25','20241001',null,null,'R1002', 'SS220202-0107','WHM20240825-0001','출고','WHR1001'),
(4,'2024-09-03','20241005',null,null,'R1003', 'SS220202-0108','WHM20240903-0001','출고','WHR1001'),
(12,'2024-09-18','20241007',null,null,'R1004', 'SS220202-0109','WHM20240918-0001','출고','WHR1001'),
(8,'2024-09-30','20241001',null,null,'R1005', 'SS240202-0110','WHM20240930-0001','출고','WHR1001'),
(10,'2024-09-30','20241005',null,null,'R1006', 'SS240202-0111','WHM20240930-0002','출고','WHR1001'),
(15,'2024-09-30','20241007',null,null,'R1007', 'SS240202-0112','WHM20240930-0003','출고','WHR1001'),
(20,'2024-09-30','20241001',null,null,'R1008', 'SS240202-0113','WHM20240930-0004','출고','WHR1001'),
(12,'2024-09-30','20241005',null,null,'R1009', 'SS240202-0114','WHM20240930-0005','출고','WHR1001'),
(18,'2024-09-30','20241007',null,null,'R1010', 'SS240202-0115','WHM20240930-0006','출고','WHR1001'),
(10,'2024-09-30','20241001',null,null,'R1011', 'SS240202-0116','WHM20240930-0007','출고','WHR1001'),
(15,'2024-09-30','20241005',null,null,'R1012', 'SS240202-0117','WHM20240930-0008','출고','WHR1001'),
(8,'2024-09-30','20241007',null,null,'R1013', 'SS240202-0118','WHM20240930-0009','출고','WHR1001'),
(25,'2024-09-30','20241001',null,null,'R1014', 'SS240202-0119','WHM20240930-0010','출고','WHR1001'),
(14,'2024-09-30','20241005',null,null,'R1014', 'SS240202-0120','WHM20240930-0011','출고','WHR1001'),
(20,'2024-09-30','20241007',null,null,'R1015', 'SS240202-0121','WHM20240930-0012','출고','WHR1001'),
(10,'2024-09-30','20241001',null,null,'R1016', 'SS240202-0122','WHM20240930-0013','출고','WHR1001'),
(12,'2024-09-30','20241005',null,null,'R1017', 'SS240202-0123','WHM20240930-0014','출고','WHR1001'),
(19,'2024-09-30','20241007',null,null,'R1018', 'SS240202-0124','WHM20240930-0015','출고','WHR1001'),
(14,'2024-09-30','20241001',null,null,'R1019', 'SS240202-0125','WHM20240930-0016','출고','WHR1001'),
(16,'2024-09-30','20241005',null,null,'R1020', 'SS240202-0126','WHM20240930-0017','출고','WHR1001'),
(10,'2024-09-30','20241007',null,null,'R1020', 'SS240202-0127','WHM20240930-0018','출고','WHR1001'),
(22,'2024-09-30','20241001',null,null,'R1020', 'SS240202-0128','WHM20240930-0019','출고','WHR1001'),
(16,'2024-09-30','20241005',null,null,'R1020', 'SS240202-0129','WHM20240930-0020','출고','WHR1001'),
(20,'2024-09-30','20241007',null,null,'R1020', 'SS240202-0130','WHM20240930-0021','출고','WHR1001'),
(1,'2024-10-01','20241009','AS20241001-0001',null,'R1006',null,'WHM20241001-0001','입고','WHR1002'),
(1,'2024-10-01','20241009','AS20241001-0002',null,'R1006',null,'WHM20241001-0002','입고','WHR1002'),
(1,'2024-10-01','20241009','AS20241001-0003',null,'R1006',null,'WHM20241001-0003','입고','WHR1002'),
(1,'2024-10-01','20241009','AS20241001-0004',null,'R1006',null,'WHM20241001-0004','입고','WHR1002'),
(1,'2024-10-01','20241009','AS20241001-0005',null,'R1006',null,'WHM20241001-0005','입고','WHR1002'),
(1,'2024-10-01','20241009','AS20241001-0006',null,'R1006',null,'WHM20241001-0006','입고','WHR1002'),
(1,'2024-10-01','20241009','AS20241001-0007',null,'R1006',null,'WHM20241001-0007','입고','WHR1002'),
(1,'2024-10-01','20241009','AS20241001-0008',null,'R1006',null,'WHM20241001-0008','입고','WHR1002'),
(1,'2024-10-01','20241009','AS20241001-0009',null,'R1006',null,'WHM20241001-0009','입고','WHR1002'),
(1,'2024-10-01','20241009','AS20241001-0010',null,'R1006',null,'WHM20241001-0010','입고','WHR1002'),
(1,'2024-10-01','20241009','AS20241001-0011',null,'R1006',null,'WHM20241001-0011','입고','WHR1002'),
(1,'2024-10-01','20241009','AS20241001-0012',null,'R1006',null,'WHM20241001-0012','입고','WHR1002'),
(1,'2024-10-01','20241009','AS20241001-0013',null,'R1006',null,'WHM20241001-0013','입고','WHR1002'),
(1,'2024-10-01','20241009','AS20241001-0014',null,'R1006',null,'WHM20241001-0014','입고','WHR1002'),
(1,'2024-10-01','20241009','AS20241001-0015',null,'R1006',null,'WHM20241001-0015','입고','WHR1002');
-- As DB --
insert into sixbeam_erp.st_as_tb (as_amt,as_dt,ascmpt_dt,empinfo_id,account_cd,as_cd,as_mo,as_st,as_ti,item_cd,whregist_cd) values
(1,'2024-10-01','2024-10-12','20241005','CPN9769359992','AS20241001-0001','접촉 불량 / ASAP요청','AS 진행','고객사 납품件 AS접수 요청','R1006','WHR1002'),
(1,'2024-10-01','2024-10-12','20241005','CPN8956377612','AS20241001-0002','접촉 불량 / ASAP요청','AS 진행','고객사 납품件 AS접수 요청','R1006','WHR1002'),
(1,'2024-10-01','2024-10-12','20241005','CPN9769359992','AS20241001-0003','접촉 불량 / ASAP요청','AS 진행','고객사 납품件 AS접수 요청','R1006','WHR1002'),
(1,'2024-10-01','2024-10-12','20241005','CPN8766713365','AS20241001-0004','접촉 불량 / ASAP요청','AS 진행','고객사 납품件 AS접수 요청','R1006','WHR1002'),
(1,'2024-10-01','2024-10-12','20241005','CPN8641151763','AS20241001-0005','접촉 불량 / ASAP요청','AS 진행','고객사 납품件 AS접수 요청','R1006','WHR1002'),
(1,'2024-10-01','2024-10-12','20241005','CPN7551487293','AS20241001-0006','접촉 불량 / ASAP요청','AS 진행','고객사 납품件 AS접수 요청','R1006','WHR1002'),
(1,'2024-10-01','2024-10-12','20241005','CPN7422636804','AS20241001-0007','접촉 불량 / ASAP요청','AS 진행','고객사 납품件 AS접수 요청','R1006','WHR1002'),
(1,'2024-10-01','2024-10-12','20241005','CPN6814402423','AS20241001-0008','접촉 불량 / ASAP요청','AS 진행','고객사 납품件 AS접수 요청','R1006','WHR1002'),
(1,'2024-10-01','2024-10-12','20241005','CPN6543637212','AS20241001-0009','접촉 불량 / ASAP요청','AS 진행','고객사 납품件 AS접수 요청','R1006','WHR1002'),
(1,'2024-10-01','2024-10-12','20241005','CPN6357090862','AS20241001-0010','접촉 불량 / ASAP요청','AS 진행','고객사 납품件 AS접수 요청','R1006','WHR1002'),
(1,'2024-10-01','2024-10-12','20241005','CPN6287772501','AS20241001-0011','접촉 불량 / ASAP요청','AS 진행','고객사 납품件 AS접수 요청','R1006','WHR1002'),
(1,'2024-10-01','2024-10-12','20241005','CPN6234714473','AS20241001-0012','접촉 불량 / ASAP요청','AS 진행','고객사 납품件 AS접수 요청','R1006','WHR1002'),
(1,'2024-10-01','2024-10-12','20241005','CPN5836847354','AS20241001-0013','접촉 불량 / ASAP요청','AS 진행','고객사 납품件 AS접수 요청','R1006','WHR1002'),
(1,'2024-10-01','2024-10-12','20241005','CPN5593852744','AS20241001-0014','접촉 불량 / ASAP요청','AS 진행','고객사 납품件 AS접수 요청','R1006','WHR1002'),
(1,'2024-10-01','2024-10-12','20241005','CPN5431051314','AS20241001-0015','접촉 불량 / ASAP요청','AS 진행','고객사 납품件 AS접수 요청','R1006','WHR1002');

-- 견적 DB --
insert into sixbeam_erp.SS_ESTIMATE_TB (
ESTIMATE_CD,
EMPINFO_ID,
ACCOUNT_CD,
ITEM_CD,
ESTIMATE_DT,
ESTIMATE_NM,
ESTIMATE_AMT,
ESTIMATE_UP,
ESTIMATE_SP,
ESTIMATE_VAT,
ESTIMATE_TAMT,
ESTIMATE_ETC)
values
('ES220202-0101', 20211001, 'CPN9769359992', 'F1001', '20220202', '김철수', 5, 800000, 4000000, 400000, 44000000, ' '),
('ES220202-0102', 20211005, 'CPN8956377612', 'F1002', '20220202', '이영희', 8, 850000,  6800000, 680000, 74800000, ' '),
('ES220202-0103', 20211007, 'CPN9769359992', 'F1003', '20220202', '박민준', 3, 500000,  1500000, 150000, 16500000, ' '),
('ES220202-0104', 20211001, 'CPN8766713365', 'F1004', '20220202', '정지수', 10, 1000000, 10000000, 1000000, 110000000, ' '),
('ES220202-0105', 20211005, 'CPN8641151763', 'F1005', '20220202', '최영호', 7, 1500000, 10500000, 1050000, 115500000, ' '),
('ES220202-0106', 20211007, 'CPN7551487293', 'R1001', '20220202', '김하늘', 6, 410000,  2460000, 246000, 27060000, ' '),
('ES220202-0107', 20211001, 'CPN7422636804', 'R1002', '20220202', '이태양', 9, 510000,  4590000, 459000, 50490000, ' '),
('ES220202-0108', 20211005, 'CPN6814402423', 'R1003', '20220202', '박소은', 4, 55000,   220000,  22000,  2420000, ' '),
('ES220202-0109', 20211007, 'CPN6543637212', 'R1004', '20220202', '정우진', 12, 29000,   348000,  34800,  3828000, ' '),
('ES230202-0101', 20221001, 'CPN9769359992', 'F1001', '20230202', '김철수', 5, 800000, 4000000, 400000, 44000000, ' '),
('ES230202-0102', 20221005, 'CPN8956377612', 'F1002', '20230202', '이영희', 8, 850000,  6800000, 680000, 74800000, ' '),
('ES230202-0103', 20221007, 'CPN9769359992', 'F1003', '20230202', '박민준', 3, 500000,  1500000, 150000, 16500000, ' '),
('ES230202-0104', 20221001, 'CPN8766713365', 'F1004', '20230202', '정지수', 10, 1000000, 10000000, 1000000, 110000000, ' '),
('ES230202-0105', 20221005, 'CPN8641151763', 'F1005', '20230202', '최영호', 7, 1500000, 10500000, 1050000, 115500000, ' '),
('ES230202-0106', 20221007, 'CPN7551487293', 'R1001', '20230202', '김하늘', 6, 410000,  2460000, 246000, 27060000, ' '),
('ES230202-0107', 20221001, 'CPN7422636804', 'R1002', '20230202', '이태양', 9, 510000,  4590000, 459000, 50490000, ' '),
('ES230202-0108', 20221005, 'CPN6814402423', 'R1003', '20230202', '박소은', 4, 55000,   220000,  22000,  2420000, ' '),
('ES230202-0109', 20221007, 'CPN6543637212', 'R1004', '20230202', '정우진', 12, 29000,   348000,  34800,  3828000, ' '),
('ES240202-0101', 20221001, 'CPN9769359992', 'F1001', '20240131', '김철수', 5, 800000, 4000000, 400000, 44000000, ' '),
('ES240202-0102', 20241005, 'CPN8956377612', 'F1002', '20240201', '이영희', 8, 850000,  6800000, 680000, 74800000, ' '),
('ES240202-0103', 20241007, 'CPN9769359992', 'F1003', '20240215', '박민준', 3, 500000,  1500000, 150000, 16500000, ' '),
('ES240202-0104', 20241001, 'CPN8766713365', 'F1004', '20240302', '정지수', 10, 1000000, 10000000, 1000000, 110000000, ' '),
('ES240202-0105', 20241005, 'CPN8641151763', 'F1005', '20240320', '최영호', 7, 1500000, 10500000, 1050000, 115500000, ' '),
('ES240202-0106', 20241007, 'CPN7551487293', 'R1001', '20240812', '김하늘', 6, 410000,  2460000, 246000, 27060000, ' '),
('ES240202-0107', 20241001, 'CPN7422636804', 'R1002', '20240825', '이태양', 9, 510000,  4590000, 459000, 50490000, ' '),
('ES240202-0108', 20241005, 'CPN6814402423', 'R1003', '20240903', '박소은', 4, 55000,   220000,  22000,  2420000, ' '),
('ES240202-0109', 20241007, 'CPN6543637212', 'R1004', '20240918', '정우진', 12, 29000,   348000,  34800,  3828000, ' '),
('ES240202-0110', 20241001, 'CPN6357090862', 'R1005', '20240930', '최민서', 8, 98000,   784000,  78400,  8624000, ' '),
('ES240202-0111', 20241005, 'CPN6287772501', 'R1006', '20240930', '아저씨', 10, 170000, 1700000, 170000, 18700000, ' '),
('ES240202-0112', 20241007, 'CPN6234714473', 'R1007', '20241001', '홍길동', 15, 269000,  4035000, 403500, 44385000, ' '),
('ES240202-0113', 20241001, 'CPN5836847354', 'R1008', '20241015', '이순신', 20, 403000,  8060000, 806000, 88660000, ' '),
('ES240202-0114', 20241005, 'CPN5593852744', 'R1009', '20241101', '김영희', 12, 791000,  9492000, 949200, 104412000, ' '),
('ES240202-0115', 20241007, 'CPN5431051314', 'R1010', '20241115', '이철수', 18, 538000,  9684000, 968400, 106524000, ' '),
('ES240202-0116', 20241001, 'CPN5277628939', 'R1011', '20241201', '박민준', 10, 128000,  1280000, 128000, 14080000, ' '),
('ES240202-0117', 20241005, 'CPN5221945160', 'R1012', '20241215', '정우진', 15, 115000,  1725000, 172500, 18975000, ' '),
('ES240202-0118', 20241007, 'CPN4308575449', 'R1013', '20250101', '김하늘', 8, 68000,   544000,  54400,  5984000, ' '),
('ES240202-0119', 20241001, 'CPN4282222263', 'R1014', '20250115', '이태양', 25, 98000,  2450000, 245000, 26950000, ' '),
('ES240202-0120', 20241005, 'CPN4244014868', 'R1014', '20250201', '박소은', 14, 98000,  1372000, 137200, 15092000, ' '),
('ES240202-0121', 20241007, 'CPN3184469866', 'R1015', '20250215', '최영호', 20, 45000,  900000,  90000,  9900000, ' '),
('ES240202-0122', 20241001, 'CPN3058270672', 'R1016', '20250301', '홍길순', 10, 126000,  1260000, 126000, 13860000, ' '),
('ES240202-0123', 20241005, 'CPN2266939105', 'R1017', '20250315', '김철수', 12, 54500,   654000,  65400,  7194000, ' '),
('ES240202-0124', 20241007, 'CPN1856927584', 'R1018', '20250825', '송중기', 19, 77500,   1467500, 146750, 16142500, ' '),
('ES240202-0125', 20241001, 'CPN1203760813', 'R1019', '20250910', '한예슬', 14, 189000,  2646000, 264600, 29106000, ' '),
('ES240202-0126', 20241005, 'CPN1173291319', 'R1020', '20250925', '송혜교', 16, 72900,   1166400, 116640, 12830400, ' '),
('ES240202-0127', 20241007, 'CPN1029807529', 'R1020', '20251010', '이민호', 10, 72900,   729000,  72900,  8019000, ' '),
('ES240202-0128', 20241001, 'CPN0896202274', 'R1020', '20251025', '손예진', 22, 72900,   1603800, 160380, 17641800, ' '),
('ES240202-0129', 20241005, 'CPN0831580507', 'R1020', '20251110', '조정석', 16, 72900,   1166400, 116640, 12830400, ' '),
('ES240202-0130', 20241007, 'CPN0764320143', 'R1020', '20251125', '한가인', 20, 72900,   1458000, 145800, 16038000, ' '),
('ES240202-0131', 20241001, 'RTS1010101010', 'R1020', '20251210', '김소현', 14, 72900,   1020600, 102060, 11226600, ' '),
('ES240202-0132', 20241005, 'RTS1010101010', 'R1020', '20251225', '서현진', 18, 72900,   1312200, 131220, 14434200, ' '),
('ES240202-0133', 20241007, 'RTS1010101010', 'R1020', '20260110', '이동욱', 15, 72900,   1093500, 109350, 12028500, ' ');

-- 판매 db(출하등록 전) --
INSERT INTO sixbeam_erp.SS_SALE_TB (
SALE_UPLOAD_DT,
SALE_BILLING_DT,
SALE_BILLING_ST,
SALE_PAYMENT_DT,
SALE_SHIPPING_ST,
SALE_SHIPPING_DT,
SALE_CD,
ESTIMATE_CD,
whregist_cd
)
VALUES
('20220202', '20220131', false, null, '판매대기중', '20220131', 'SS220202-0101', 'ES220202-0101', 'WHR1001'),
('20220202', '20220201', false, null, '판매대기중', '20220201', 'SS220202-0102', 'ES220202-0102','WHR1001'),
('20220202', '20220215', false, null, '판매대기중', '20220215', 'SS220202-0103', 'ES220202-0103','WHR1001'),
('20220202', '20220302', false, null, '판매대기중', '20220302', 'SS220202-0104', 'ES220202-0104','WHR1001'),
('20220202', '20220320', false, null, '판매대기중', '20220320', 'SS220202-0105', 'ES220202-0105','WHR1001'),
('20220202', '20220812', false, null, '판매대기중', '20220812', 'SS220202-0106', 'ES220202-0106','WHR1001'),
('20220202', '20220825', false, null, '판매대기중', '20220825', 'SS220202-0107', 'ES220202-0107','WHR1001'),
('20220202', '20220903', false, null, '판매대기중', '20220903', 'SS220202-0108', 'ES220202-0108','WHR1001'),
('20220202', '20220918', false, null, '판매대기중', '20220918', 'SS220202-0109', 'ES220202-0109','WHR1001'),
('20230202', '20230131', false, null, '판매대기중', '20230131', 'SS230202-0101', 'ES230202-0101', 'WHR1001'),
('20230202', '20230201', false, null, '판매대기중', '20230201', 'SS230202-0102', 'ES230202-0102','WHR1001'),
('20230202', '20230215', false, null, '판매대기중', '20230215', 'SS230202-0103', 'ES230202-0103','WHR1001'),
('20230202', '20230302', false, null, '판매대기중', '20230302', 'SS230202-0104', 'ES230202-0104','WHR1001'),
('20230202', '20230320', false, null, '판매대기중', '20230320', 'SS230202-0105', 'ES230202-0105','WHR1001'),
('20230202', '20230812', false, null, '판매대기중', '20230812', 'SS230202-0106', 'ES230202-0106','WHR1001'),
('20230202', '20230825', false, null, '판매대기중', '20230825', 'SS230202-0107', 'ES230202-0107','WHR1001'),
('20230202', '20230903', false, null, '판매대기중', '20230903', 'SS230202-0108', 'ES230202-0108','WHR1001'),
('20230202', '20230918', false, null, '판매대기중', '20230918', 'SS230202-0109', 'ES230202-0109','WHR1001'),
('20240131', '20240131', false, null, '판매대기중', '20240131', 'SS240202-0101', 'ES240202-0101', 'WHR1001'),
('20240201', '20240201', false, null, '판매대기중', '20240201', 'SS240202-0102', 'ES240202-0102','WHR1001'),
('20240215', '20240215', false, null, '판매대기중', '20240215', 'SS240202-0103', 'ES240202-0103','WHR1001'),
('20240302', '20240302', false, null, '판매대기중', '20240302', 'SS240202-0104', 'ES240202-0104','WHR1001'),
('20240320', '20240320', false, null, '판매대기중', '20240320', 'SS240202-0105', 'ES240202-0105','WHR1001'),
('20240812', '20240812', false, null, '판매대기중', '20240812', 'SS240202-0106', 'ES240202-0106','WHR1001'),
('20240825', '20240825', false, null, '판매대기중', '20240825', 'SS240202-0107', 'ES240202-0107','WHR1001'),
('20240903', '20240903', false, null, '판매대기중', '20240903', 'SS240202-0108', 'ES240202-0108','WHR1001'),
('20240918', '20240918', false, null, '판매대기중', '20240918', 'SS240202-0109', 'ES240202-0109','WHR1001'),
('20240930', '20240930', false,null, '판매대기중', '20240930',  'SS240202-0110',  'ES240202-0110', 'WHR1001'),
('20240930', '20240930', false, null, '판매대기중', '20240930', 'SS240202-0111', 'ES240202-0111','WHR1001'),
('20240930', '20240930', false, null, '판매대기중', '20240930', 'SS240202-0112', 'ES240202-0112','WHR1001'),
('20240930', '20240930', false, null, '판매대기중', '20240930', 'SS240202-0113', 'ES240202-0113', 'WHR1001'),
('20240930', '20240930', false, null, '판매대기중', '20240930', 'SS240202-0114', 'ES240202-0114', 'WHR1001'),
('20240930', '20240930', false, null, '판매대기중', '20240930', 'SS240202-0115', 'ES240202-0115', 'WHR1001'),
('20240930', '20240930', false, null, '판매대기중', '20240930', 'SS240202-0116', 'ES240202-0116', 'WHR1001'),
('20240930', '20240930', false, null, '판매대기중', '20240930', 'SS240202-0117', 'ES240202-0117', 'WHR1001'),
('20240930', '20240930', false, null, '판매대기중', '20240930', 'SS240202-0118', 'ES240202-0118', 'WHR1001'),
('20240930', '20240930', false, null, '판매대기중', '20240930', 'SS240202-0119', 'ES240202-0119', 'WHR1001'),
('20240930', '20240930', false, null, '판매대기중', '20240930', 'SS240202-0120', 'ES240202-0120', 'WHR1001'),
('20240930', '20240930', false, null, '판매대기중', '20240930', 'SS240202-0121', 'ES240202-0121', 'WHR1001'),
('20240930', '20240930', false, null, '판매대기중', '20240930', 'SS240202-0122', 'ES240202-0122', 'WHR1001'),
('20240930', '20240930', false, null, '판매대기중', '20240930', 'SS240202-0123', 'ES240202-0123', 'WHR1001'),
('20240930', '20240930', false, null, '판매대기중', '20240930', 'SS240202-0124', 'ES240202-0124', 'WHR1001'),
('20240930', '20240930', false, null, '판매대기중', '20240930', 'SS240202-0125', 'ES240202-0125', 'WHR1001'),
('20240930', '20240930', false, null, '판매대기중', '20240930', 'SS240202-0126', 'ES240202-0126', 'WHR1001'),
('20240930', '20240930', false, null, '판매대기중', '20240930', 'SS240202-0127', 'ES240202-0127', 'WHR1001'),
('20240930', '20240930', false, null, '판매대기중', '20240930', 'SS240202-0128', 'ES240202-0128', 'WHR1001'),
('20240930', '20240930', false, null, '판매대기중', '20240930', 'SS240202-0129', 'ES240202-0129', 'WHR1001'),
('20240930', '20240930', false, null, '판매대기중', '20240930', 'SS240202-0130', 'ES240202-0130', 'WHR1001');

-- 멤버 db --
INSERT INTO sixbeam_erp.SS_MEMBER_TB (ESTIMATE_CD,MEMBER_ID, MEMBER_NM, MEMBER_PHONE, MEMBER_ADDR)
VALUES
('ES240202-0133','email1@example.com', '김철수', '010-1234-5678', '서울시 강남구'),
('ES240202-0131','email2@example.com', '이영희', '010-2345-6789', '서울시 강서구'),
('ES240202-0132','email3@example.com', '박민준', '010-3456-7890', '서울시 송파구');


-- 발주 db --
insert into sixbeam_erp.pur_orinput_tb (orinput_amt, orinput_sp, orinput_sum, orinput_up, orinput_vat, orinputdlvy_dt, orinputor_dt, orinputreq_dt, account_cd, empinfo_id, item_cd, orinput_cd, orinput_etc) values
(9, 612000, 673200, 68000, 61200, str_to_date('2022-01-12', '%Y-%m-%d'), str_to_date('2022-01-03', '%Y-%m-%d'), str_to_date('2021-12-29', '%Y-%m-%d'), 'CPN1029807529', '20241003', 'R1013', 'OR20220103-0001', ''),
(10, 980000, 1078000, 980000, 98000, str_to_date('2022-01-12', '%Y-%m-%d'), str_to_date('2022-01-03', '%Y-%m-%d'), str_to_date('2021-12-29', '%Y-%m-%d'), 'CPN1029807529', '20241003', 'R1014', 'OR20220103-0002', ''),
(12, 348000, 382800, 29000, 34800, str_to_date('2022-02-22', '%Y-%m-%d'), str_to_date('2022-02-10', '%Y-%m-%d'), str_to_date('2022-02-16', '%Y-%m-%d'), 'CPN5836847354', '20241008', 'R1004', 'OR20220216-0001', ''),
(16, 8608000, 9468900, 538000, 860800, str_to_date('2022-02-22', '%Y-%m-%d'), str_to_date('2022-02-10', '%Y-%m-%d'), str_to_date('2022-02-16', '%Y-%m-%d'), 'CPN5836847354', '20241008', 'R1010', 'OR20220216-0002', ''),
(20, 1360000, 1496000, 68000, 136000, str_to_date('2022-02-22', '%Y-%m-%d'), str_to_date('2022-02-10', '%Y-%m-%d'), str_to_date('2022-02-16', '%Y-%m-%d'), 'CPN5836847354', '20241008', 'R1013', 'OR20220216-0003', ''),
(10, 4100000, 4510000, 410000, 410000, str_to_date('2022-04-27', '%Y-%m-%d'), str_to_date('2022-04-20', '%Y-%m-%d'), str_to_date('2022-04-14', '%Y-%m-%d'), 'CPN6287772501', '20241016', 'R1001', 'OR20220420-0001', ''),
(25, 1375000, 1512500, 55000, 137500, str_to_date('2022-04-27', '%Y-%m-%d'), str_to_date('2022-04-20', '%Y-%m-%d'), str_to_date('2022-04-14', '%Y-%m-%d'), 'CPN6287772501', '20241016', 'R1003', 'OR20220420-0002', ''),
(30, 2940000, 3234000, 98000, 294000, str_to_date('2022-04-27', '%Y-%m-%d'), str_to_date('2022-04-20', '%Y-%m-%d'), str_to_date('2022-04-14', '%Y-%m-%d'), 'CPN6287772501', '20241016', 'R1005', 'OR20220420-0003', ''),
(15, 6045000, 6649500, 403000, 604500, str_to_date('2022-04-27', '%Y-%m-%d'), str_to_date('2022-04-20', '%Y-%m-%d'), str_to_date('2022-04-14', '%Y-%m-%d'), 'CPN6287772501', '20241016', 'R1008', 'OR20220420-0004', ''),
(20, 10760000, 11836000, 538000, 1076000, str_to_date('2022-04-27', '%Y-%m-%d'), str_to_date('2022-04-20', '%Y-%m-%d'), str_to_date('2022-04-14', '%Y-%m-%d'), 'CPN6287772501', '20241016', 'R1010', 'OR20220420-0005', ''),
(15, 1093500, 1202850, 72900, 109350, str_to_date('2023-05-24', '%Y-%m-%d'), str_to_date('2023-05-17', '%Y-%m-%d'), str_to_date('2023-05-10', '%Y-%m-%d'), 'CPN5277628939', '20241001', 'R1020', 'OR20230517-0001', ''),
(20, 3780000, 4158000, 189000, 378000, str_to_date('2023-05-24', '%Y-%m-%d'), str_to_date('2023-05-17', '%Y-%m-%d'), str_to_date('2023-05-10', '%Y-%m-%d'), 'CPN5277628939', '20241001', 'R1019', 'OR20230517-0002', ''),
(10, 775000, 852500, 77500, 77500, str_to_date('2023-05-24', '%Y-%m-%d'), str_to_date('2023-05-17', '%Y-%m-%d'), str_to_date('2023-05-10', '%Y-%m-%d'), 'CPN5277628939', '20241001', 'R1018', 'OR20230517-0003', ''),
(25, 3150000, 3465000, 126000, 315000, str_to_date('2023-05-24', '%Y-%m-%d'), str_to_date('2023-05-17', '%Y-%m-%d'), str_to_date('2023-05-10', '%Y-%m-%d'), 'CPN5277628939', '20241001', 'R1016', 'OR20230517-0004', ''),
(5, 2050000, 2091000, 410000, 41000, str_to_date('2024-01-09', '%Y-%m-%d'), str_to_date('2024-01-02', '%Y-%m-%d'), str_to_date('2023-12-27', '%Y-%m-%d'), 'CPN5277628939', '20241001', 'R1001', 'OR20240102-0001', ''),
(20, 8200000, 8241000, 410000, 41000, str_to_date('2024-01-15', '%Y-%m-%d'), str_to_date('2024-01-09', '%Y-%m-%d'), str_to_date('2024-01-08', '%Y-%m-%d'), 'CPN5277628939', '20241006', 'R1001', 'OR20240109-0001', ''),
(13, 6630000, 6681000, 510000, 51000, str_to_date('2024-01-11', '%Y-%m-%d'), str_to_date('2024-01-04', '%Y-%m-%d'), str_to_date('2024-01-02', '%Y-%m-%d'), 'CPN1029807529', '20241003', 'R1002', 'OR20240104-0001', ''),
(17, 8670000, 8721000, 510000, 51000, str_to_date('2024-01-15', '%Y-%m-%d'), str_to_date('2024-01-09', '%Y-%m-%d'), str_to_date('2024-01-08', '%Y-%m-%d'), 'CPN1029807529', '20241006', 'R1002', 'OR20240109-0002', ''),
(10, 550000, 555500, 55000, 5500, str_to_date('2024-01-09', '%Y-%m-%d'), str_to_date('2024-01-02', '%Y-%m-%d'), str_to_date('2023-12-28', '%Y-%m-%d'), 'CPN4282222263', '20241001', 'R1003', 'OR20240102-0002', ''),
(36, 1980000, 1985500, 55000, 5500, str_to_date('2024-01-15', '%Y-%m-%d'), str_to_date('2024-01-09', '%Y-%m-%d'), str_to_date('2024-01-08', '%Y-%m-%d'), 'CPN4282222263', '20241006', 'R1003', 'OR20240109-0003', ''),
(50, 1450000, 1452900, 29000, 2900, str_to_date('2024-01-15', '%Y-%m-%d'), str_to_date('2024-01-08', '%Y-%m-%d'), str_to_date('2024-01-05', '%Y-%m-%d'), 'CPN6287772501', '20241005', 'R1004', 'OR20240108-0005', ''),
(45, 1305000, 1307900, 29000, 2900, str_to_date('2024-01-15', '%Y-%m-%d'), str_to_date('2024-01-09', '%Y-%m-%d'), str_to_date('2024-01-08', '%Y-%m-%d'), 'CPN6287772501', '20241006', 'R1004', 'OR20240109-0004', ''),
(20, 1960000, 1969800, 98000, 9800, str_to_date('2024-01-11', '%Y-%m-%d'), str_to_date('2024-01-04', '%Y-%m-%d'), str_to_date('2024-01-03', '%Y-%m-%d'), 'CPN8766713365', '20241003', 'R1005', 'OR20240104-0002', ''),
(15, 1470000, 1479800, 98000, 9800, str_to_date('2024-01-15', '%Y-%m-%d'), str_to_date('2024-01-08', '%Y-%m-%d'), str_to_date('2024-01-05', '%Y-%m-%d'), 'CPN8766713365', '20241005', 'R1005', 'OR20240108-0009', ''),
(36, 3528000, 3537800, 98000, 9800, str_to_date('2024-01-15', '%Y-%m-%d'), str_to_date('2024-01-09', '%Y-%m-%d'), str_to_date('2024-01-08', '%Y-%m-%d'), 'CPN8766713365', '20241006', 'R1005', 'OR20240109-0005', ''),
(16, 2720000, 2737000, 170000, 17000, str_to_date('2024-01-12', '%Y-%m-%d'), str_to_date('2024-01-05', '%Y-%m-%d'), str_to_date('2024-01-04', '%Y-%m-%d'), 'CPN4308575449', '20241004', 'R1006', 'OR20240105-0001', ''),
(25, 4250000, 4267000, 170000, 17000, str_to_date('2024-01-15', '%Y-%m-%d'), str_to_date('2024-01-08', '%Y-%m-%d'), str_to_date('2024-01-05', '%Y-%m-%d'), 'CPN4308575449', '20241005', 'R1006', 'OR20240108-0010', ''),
(31, 5270000, 5287000, 170000, 17000, str_to_date('2024-01-15', '%Y-%m-%d'), str_to_date('2024-01-09', '%Y-%m-%d'), str_to_date('2024-01-08', '%Y-%m-%d'), 'CPN4308575449', '20241006', 'R1006', 'OR20240109-0006', ''),
(17, 4573000, 4599900, 269000, 26900, str_to_date('2024-01-12', '%Y-%m-%d'), str_to_date('2024-01-05', '%Y-%m-%d'), str_to_date('2024-01-04', '%Y-%m-%d'), 'CPN1173291319', '20241004', 'R1007', 'OR20240105-0002', ''),
(23, 6187000, 6213900, 269000, 26900, str_to_date('2024-01-15', '%Y-%m-%d'), str_to_date('2024-01-09', '%Y-%m-%d'), str_to_date('2024-01-08', '%Y-%m-%d'), 'CPN1173291319', '20241006', 'R1007', 'OR20240109-0007', ''),
(13, 5239000, 5279300, 403000, 40300, str_to_date('2024-01-12', '%Y-%m-%d'), str_to_date('2024-01-05', '%Y-%m-%d'), str_to_date('2024-01-04', '%Y-%m-%d'), 'CPN8766713365', '20241004', 'R1008', 'OR20240105-0003', ''),
(18, 7254000, 7294300, 403000, 40300, str_to_date('2024-01-15', '%Y-%m-%d'), str_to_date('2024-01-09', '%Y-%m-%d'), str_to_date('2024-01-08', '%Y-%m-%d'), 'CPN8766713365', '20241006', 'R1008', 'OR20240109-0008', ''),
(20, 15820000, 15899100, 791000, 79100, str_to_date('2024-01-15', '%Y-%m-%d'), str_to_date('2024-01-09', '%Y-%m-%d'), str_to_date('2024-01-08', '%Y-%m-%d'), 'CPN6814402423', '20241006', 'R1009', 'OR20240109-0009', ''),
(20, 10760000, 10813800, 538000, 53800, str_to_date('2024-01-15', '%Y-%m-%d'), str_to_date('2024-01-09', '%Y-%m-%d'), str_to_date('2024-01-08', '%Y-%m-%d'), 'CPN8956377612', '20241006', 'R1010', 'OR20240109-0010', ''),
(7, 896000, 908800, 128000, 12800, str_to_date('2024-01-10', '%Y-%m-%d'), str_to_date('2024-01-03', '%Y-%m-%d'), str_to_date('2024-01-02', '%Y-%m-%d'), 'CPN6287772501', '20241002', 'R1011', 'OR20240103-0001', ''),
(9, 1035000, 1046500, 115000, 11500, str_to_date('2024-01-10', '%Y-%m-%d'), str_to_date('2024-01-03', '%Y-%m-%d'), str_to_date('2024-01-02', '%Y-%m-%d'), 'CPN1856927584', '20241002', 'R1012', 'OR20240103-0002', ''),
(15, 1020000, 1026800, 68000, 6800, str_to_date('2024-01-10', '%Y-%m-%d'), str_to_date('2024-01-03', '%Y-%m-%d'), str_to_date('2024-01-02', '%Y-%m-%d'), 'CPN4282222263', '20241002', 'R1013', 'OR20240103-0003', ''),
(25, 2450000, 2459800, 98000, 9800, str_to_date('2024-01-15', '%Y-%m-%d'), str_to_date('2024-01-08', '%Y-%m-%d'), str_to_date('2024-01-05', '%Y-%m-%d'), 'CPN7422636804', '20241005', 'R1014', 'OR20240108-0001', ''),
(30, 1350000, 1354500, 45000, 4500, str_to_date('2024-01-15', '%Y-%m-%d'), str_to_date('2024-01-08', '%Y-%m-%d'), str_to_date('2024-01-05', '%Y-%m-%d'), 'CPN0764320143', '20241005', 'R1015', 'OR20240108-0002', ''),
(25, 3150000, 3162600, 126000, 12600, str_to_date('2024-01-15', '%Y-%m-%d'), str_to_date('2024-01-08', '%Y-%m-%d'), str_to_date('2024-01-05', '%Y-%m-%d'), 'CPN6543637212', '20241005', 'R1016', 'OR20240108-0003', ''),
(35, 1907500, 1912950, 54500, 5450, str_to_date('2024-01-15', '%Y-%m-%d'), str_to_date('2024-01-08', '%Y-%m-%d'), str_to_date('2024-01-05', '%Y-%m-%d'), 'CPN5836847354', '20241005', 'R1017', 'OR20240108-0004', ''),
(30, 2325000, 2332750, 77500, 7750, str_to_date('2024-01-15', '%Y-%m-%d'), str_to_date('2024-01-08', '%Y-%m-%d'), str_to_date('2024-01-05', '%Y-%m-%d'), 'CPN2266939105', '20241005', 'R1018', 'OR20240108-0006', ''),
(37, 6993000, 7011900, 189000, 18900, str_to_date('2024-01-15', '%Y-%m-%d'), str_to_date('2024-01-08', '%Y-%m-%d'), str_to_date('2024-01-05', '%Y-%m-%d'), 'CPN8769359993', '20241005', 'R1019', 'OR20240108-0007', ''),
(40, 2916000, 2923290, 72900, 7290, str_to_date('2024-01-15', '%Y-%m-%d'), str_to_date('2024-01-08', '%Y-%m-%d'), str_to_date('2024-01-05', '%Y-%m-%d'), 'CPN9469359994', '20241005', 'R1020', 'OR20240108-0008', '');
-- 구매 db --
insert into sixbeam_erp.pur_input_tb (inputpur_dt, inputsi_dt, inputsi_fl, inputprg_st, inputpur_cd, orinput_cd, whregist_cd) values
(str_to_date('2022-01-12', '%Y-%m-%d'), null, 0, '대기중', 'PUR20220112-0001', 'OR20220103-0001', 'WHR1003'),
(str_to_date('2022-01-12', '%Y-%m-%d'), null, 0, '대기중', 'PUR20220112-0002', 'OR20220103-0002', 'WHR1003'),
(str_to_date('2022-02-22', '%Y-%m-%d'), null, 0, '대기중', 'PUR20220222-0001', 'OR20220216-0001', 'WHR1003'),
(str_to_date('2022-02-22', '%Y-%m-%d'), null, 0, '대기중', 'PUR20220222-0002', 'OR20220216-0002', 'WHR1003'),
(str_to_date('2022-02-22', '%Y-%m-%d'), null, 0, '대기중', 'PUR20220222-0003', 'OR20220216-0003', 'WHR1003'),
(str_to_date('2022-04-27', '%Y-%m-%d'), null, 0, '대기중', 'PUR20220427-0001', 'OR20220420-0001', 'WHR1003'),
(str_to_date('2022-04-27', '%Y-%m-%d'), null, 0, '대기중', 'PUR20220427-0002', 'OR20220420-0002', 'WHR1003'),
(str_to_date('2022-04-27', '%Y-%m-%d'), null, 0, '대기중', 'PUR20220427-0003', 'OR20220420-0003', 'WHR1003'),
(str_to_date('2022-04-27', '%Y-%m-%d'), null, 0, '대기중', 'PUR20220427-0004', 'OR20220420-0004', 'WHR1003'),
(str_to_date('2022-04-27', '%Y-%m-%d'), null, 0, '대기중', 'PUR20220427-0005', 'OR20220420-0005', 'WHR1003'),
(str_to_date('2023-05-24', '%Y-%m-%d'), null, 0, '대기중', 'PUR20230524-0001', 'OR20230517-0001', 'WHR1003'),
(str_to_date('2023-05-24', '%Y-%m-%d'), null, 0, '대기중', 'PUR20230524-0002', 'OR20230517-0002', 'WHR1003'),
(str_to_date('2023-05-24', '%Y-%m-%d'), null, 0, '대기중', 'PUR20230524-0003', 'OR20230517-0003', 'WHR1003'),
(str_to_date('2023-05-24', '%Y-%m-%d'), null, 0, '대기중', 'PUR20230524-0004', 'OR20230517-0004', 'WHR1003'),
(str_to_date('2024-01-02', '%Y-%m-%d'), null, 0, '대기중', 'PUR20240102-0001', 'OR20240102-0001', 'WHR1003'),
(str_to_date('2024-01-02', '%Y-%m-%d'), null, 0, '대기중', 'PUR20240102-0002', 'OR20240102-0002', 'WHR1003'),
(str_to_date('2024-01-03', '%Y-%m-%d'), null, 0, '대기중', 'PUR20240103-0001', 'OR20240103-0001', 'WHR1003'),
(str_to_date('2024-01-03', '%Y-%m-%d'), null, 0, '대기중', 'PUR20240103-0002', 'OR20240103-0002', 'WHR1003'),
(str_to_date('2024-01-03', '%Y-%m-%d'), null, 0, '대기중', 'PUR20240103-0003', 'OR20240103-0003', 'WHR1003'),
(str_to_date('2024-01-04', '%Y-%m-%d'), null, 0, '대기중', 'PUR20240104-0001', 'OR20240104-0001', 'WHR1003'),
(str_to_date('2024-01-04', '%Y-%m-%d'), null, 0, '대기중', 'PUR20240104-0002', 'OR20240104-0002', 'WHR1003'),
(str_to_date('2024-01-05', '%Y-%m-%d'), null, 0, '대기중', 'PUR20240105-0001', 'OR20240105-0001', 'WHR1003'),
(str_to_date('2024-01-05', '%Y-%m-%d'), null, 0, '대기중', 'PUR20240105-0002', 'OR20240105-0002', 'WHR1003'),
(str_to_date('2024-01-05', '%Y-%m-%d'), null, 0, '대기중', 'PUR20240105-0003', 'OR20240105-0003', 'WHR1003'),
(str_to_date('2024-01-08', '%Y-%m-%d'), null, 0, '대기중', 'PUR20240108-0001', 'OR20240108-0001', 'WHR1003'),
(str_to_date('2024-01-08', '%Y-%m-%d'), null, 0, '대기중', 'PUR20240108-0002', 'OR20240108-0002', 'WHR1003'),
(str_to_date('2024-01-08', '%Y-%m-%d'), null, 0, '대기중', 'PUR20240108-0003', 'OR20240108-0003', 'WHR1003'),
(str_to_date('2024-01-08', '%Y-%m-%d'), null, 0, '대기중', 'PUR20240108-0004', 'OR20240108-0004', 'WHR1003'),
(str_to_date('2024-01-08', '%Y-%m-%d'), null, 0, '대기중', 'PUR20240108-0005', 'OR20240108-0005', 'WHR1003'),
(str_to_date('2024-01-08', '%Y-%m-%d'), null, 0, '대기중', 'PUR20240108-0006', 'OR20240108-0006', 'WHR1003'),
(str_to_date('2024-01-08', '%Y-%m-%d'), null, 0, '대기중', 'PUR20240108-0007', 'OR20240108-0007', 'WHR1003'),
(str_to_date('2024-01-08', '%Y-%m-%d'), null, 0, '대기중', 'PUR20240108-0008', 'OR20240108-0008', 'WHR1003'),
(str_to_date('2024-01-08', '%Y-%m-%d'), null, 0, '대기중', 'PUR20240108-0009', 'OR20240108-0009', 'WHR1003'),
(str_to_date('2024-01-08', '%Y-%m-%d'), null, 0, '대기중', 'PUR20240108-0010', 'OR20240108-0010', 'WHR1003'),
(str_to_date('2024-01-09', '%Y-%m-%d'), null, 0, '대기중', 'PUR20240109-0001', 'OR20240109-0001', 'WHR1003'),
(str_to_date('2024-01-09', '%Y-%m-%d'), null, 0, '대기중', 'PUR20240109-0002', 'OR20240109-0002', 'WHR1003'),
(str_to_date('2024-01-09', '%Y-%m-%d'), null, 0, '대기중', 'PUR20240109-0003', 'OR20240109-0003', 'WHR1003'),
(str_to_date('2024-01-09', '%Y-%m-%d'), null, 0, '대기중', 'PUR20240109-0004', 'OR20240109-0004', 'WHR1003'),
(str_to_date('2024-01-09', '%Y-%m-%d'), null, 0, '대기중', 'PUR20240109-0005', 'OR20240109-0005', 'WHR1003'),
(str_to_date('2024-01-09', '%Y-%m-%d'), null, 0, '대기중', 'PUR20240109-0006', 'OR20240109-0006', 'WHR1003'),
(str_to_date('2024-01-09', '%Y-%m-%d'), null, 0, '대기중', 'PUR20240109-0007', 'OR20240109-0007', 'WHR1003'),
(str_to_date('2024-01-09', '%Y-%m-%d'), null, 0, '대기중', 'PUR20240109-0008', 'OR20240109-0008', 'WHR1003'),
(str_to_date('2024-01-09', '%Y-%m-%d'), null, 0, '대기중', 'PUR20240109-0009', 'OR20240109-0009', 'WHR1003'),
(str_to_date('2024-01-09', '%Y-%m-%d'), null, 0, '대기중', 'PUR20240109-0010', 'OR20240109-0010', 'WHR1003');
-- 재고 db --
insert into sixbeam_erp.st_check_tb (check_amt,check_cd,whmove_cd) values
(1,1,'WHM20240102-0001'),
(5,2,'WHM20240102-0002'),
(10,3,'WHM20240102-0003'),
(2,4,'WHM20240103-0001'),
(5,5,'WHM20240103-0002'),
(7,6,'WHM20240103-0003'),
(9,7,'WHM20240103-0004'),
(15,8,'WHM20240103-0005'),
(1,9,'WHM20240104-0001'),
(4,10,'WHM20240104-0002'),
(13,11,'WHM20240104-0003'),
(20,12,'WHM20240104-0004'),
(2,13,'WHM20240105-0001'),
(5,14,'WHM20240105-0002'),
(10,15,'WHM20240105-0003'),
(16,16,'WHM20240105-0004'),
(17,17,'WHM20240105-0005'),
(13,18,'WHM20240105-0006'),
(4,19,'WHM20240108-0001'),
(10,20,'WHM20240108-0002'),
(50,21,'WHM20240108-0003'),
(15,22,'WHM20240108-0004'),
(25,23,'WHM20240108-0005'),
(25,24,'WHM20240108-0006'),
(30,25,'WHM20240108-0007'),
(25,26,'WHM20240108-0008'),
(35,27,'WHM20240108-0009'),
(30,28,'WHM20240108-0010'),
(37,29,'WHM20240108-0011'),
(40,30,'WHM20240108-0012'),
(20,31,'WHM20240109-0001'),
(20,32,'WHM20240109-0002'),
(17,33,'WHM20240109-0003'),
(36,34,'WHM20240109-0004'),
(45,35,'WHM20240109-0005'),
(36,36,'WHM20240109-0006'),
(31,37,'WHM20240109-0007'),
(23,38,'WHM20240109-0008'),
(18,39,'WHM20240109-0009'),
(20,40,'WHM20240109-0010'),
(20,41,'WHM20240109-0011'),
(15,42,'WHM20240110-0001'),
(20,43,'WHM20240111-0001'),
(13,44,'WHM20240111-0002'),
(15,45,'WHM20240112-0001'),
(13,46,'WHM20240115-0001'),
(7,47,'WHM20240115-0002'),
(7,48,'WHM20240117-0001'),
(8,49,'WHM20240118-0001'),
(8,50,'WHM20240119-0001'),
(8,51,'WHM20240122-0001'),
(3,52,'WHM20240123-0001'),
(8,53,'WHM20240124-0001'),
(2,54,'WHM20240124-0002'),
(3,55,'WHM20240125-0001'),
(2,56,'WHM20240126-0001'),
(3,57,'WHM20240129-0001'),
(3,58,'WHM20240131-0001'),
(5,59,'WHM20240131-0002'),
(7,60,'WHM20240201-0001'),
(8,61,'WHM20240201-0002'),
(7,62,'WHM20240202-0001'),
(3,63,'WHM20240215-0001'),
(10,64,'WHM20240302-0001'),
(7,65,'WHM20240320-0001'),
(6,66,'WHM20240812-0001'),
(9,67,'WHM20240825-0001'),
(4,68,'WHM20240903-0001'),
(12,69,'WHM20240918-0001'),
(8,70,'WHM20240930-0001'),
(10,71,'WHM20240930-0002'),
(15,72,'WHM20240930-0003'),
(20,73,'WHM20240930-0004'),
(12,74,'WHM20240930-0005'),
(18,75,'WHM20240930-0006'),
(10,76,'WHM20240930-0007'),
(15,77,'WHM20240930-0008'),
(8,78,'WHM20240930-0009'),
(25,79,'WHM20240930-0010'),
(14,80,'WHM20240930-0011'),
(20,81,'WHM20240930-0012'),
(10,82,'WHM20240930-0013'),
(12,83,'WHM20240930-0014'),
(19,84,'WHM20240930-0015'),
(14,85,'WHM20240930-0016'),
(16,86,'WHM20240930-0017'),
(10,87,'WHM20240930-0018'),
(22,88,'WHM20240930-0019'),
(16,89,'WHM20240930-0020'),
(20,90,'WHM20240930-0021'),
(1,91,'WHM20241001-0001'),
(1,92,'WHM20241001-0002'),
(1,93,'WHM20241001-0003'),
(1,94,'WHM20241001-0004'),
(1,95,'WHM20241001-0005'),
(1,96,'WHM20241001-0006'),
(1,97,'WHM20241001-0007'),
(1,98,'WHM20241001-0008'),
(1,99,'WHM20241001-0009'),
(1,100,'WHM20241001-0010'),
(1,101,'WHM20241001-0011'),
(1,102,'WHM20241001-0012'),
(1,103,'WHM20241001-0013'),
(1,104,'WHM20241001-0014'),
(1,105,'WHM20241001-0015');