-- 부서 db --
INSERT INTO  sixbeam_erp.hr_depart_tb(depart_cd, depart_nm) VALUES (101,'인사'),(102,'생산'),(103,'재고'),(104,'영업'),(105,'구매'),(106,'회계');
-- 직책 db --
INSERT INTO sixbeam_erp.hr_position_tb(position_cd, position_nm) VALUES (301,'인턴'),(302,'사원'),(303,'주임'),(304,'대리'),(305,'과장'),(306,'차장'),(307,'부장');
-- 사원 정보 db--
INSERT INTO sixbeam_erp.hr_empinfo_tb(empinfo_id, empinfo_account_no, empinfo_addr, empinfo_bank, empinfo_birth, empinfo_email, empinfo_etc, empinfo_join_dt, empinfo_nm, empinfo_phone, empinfo_pw, empinfo_qr, empinfo_quit_dt, empinfo_sex, empinfo_totalnoy, depart_cd, position_cd) VALUES
(20241001,'123-456-0001','수원시 권선구','Bank 0','1990-01-01','employee1@example.com',NULL,'2024-02-06','임호진','123-456-0000','0',NULL,'2024-02-06',1,0,101,301),
(20241002,'123-456-0002','수원시 권선구','Bank 1','1991-01-01','employee2@example.com',NULL,'2024-02-06','천준호','123-456-0001','1',NULL,'2024-03-06',1,0,102,302),
(20241003,'123-456-0003','수원시 권선구','Bank 2','1992-01-01','employee3@example.com',NULL,'2024-02-06','임지환','123-456-0002','2',NULL,'2024-04-06',1,0,103,303),
(20241004,'123-456-0004','수원시 권선구','Bank 3','1993-01-01','employee4@example.com',NULL,'2024-02-06','이상효','123-456-0003','3',NULL,'2024-05-06',1,0,104,304),
(20241005,'123-456-0005','수원시 권선구','Bank 4','1994-01-01','employee5@example.com',NULL,'2024-02-06','김선진','123-456-0004','4',NULL,'2024-06-06',1,0,105,305),
(20241006,'123-456-0006','수원시 권선구','Bank 5','1995-01-01','employee6@example.com',NULL,'2024-02-06','이동규','123-456-0005','5',NULL,'2024-07-06',1,0,106,306),
(20241007,'123-456-0007','수원시 권선구','Bank 6','1996-01-01','employee7@example.com',NULL,'2024-02-06','서준하','123-456-0006','6',NULL,'2024-08-06',1,0,101,307),
(20241008,'123-456-0008','수원시 권선구','Bank 7','1997-01-01','employee8@example.com',NULL,'2024-02-06','김예은','123-456-0007','7',NULL,'2024-09-06',0,0,102,301),
(20241009,'123-456-0009','수원시 권선구','Bank 8','1998-01-01','employee9@example.com',NULL,'2024-02-06','김영훈','123-456-0008','8',NULL,'2024-10-06',1,0,103,302),
(20241010,'123-456-0010','수원시 권선구','Bank 9','1999-01-01','employee10@example.com',NULL,'2024-02-06','박종현','123-456-0009','9',NULL,'2024-11-06',1,0,104,303),
(20241011,'123-456-0011','수원시 권선구','Bank 10','2000-01-01','employee11@example.com',NULL,'2024-02-06','서주완','123-456-0010','10',NULL,'2024-12-06',1,0,105,304),
(20241012,'123-456-0012','수원시 권선구','Bank 11','2001-01-01','employee12@example.com',NULL,'2024-02-06','박주성','123-456-0011','11',NULL,'2025-01-06',1,0,106,305),
(20241013,'123-456-0013','수원시 권선구','Bank 12','2002-01-01','employee13@example.com',NULL,'2024-02-06','김태일','123-456-0012','12',NULL,'2025-02-06',1,0,101,306),
(20241014,'123-456-0014','수원시 권선구','Bank 13','2003-01-01','employee14@example.com',NULL,'2024-02-06','김가을','123-456-0013','13',NULL,'2025-03-06',1,0,102,307),
(20241015,'123-456-0015','수원시 권선구','Bank 14','2004-01-01','employee15@example.com',NULL,'2024-02-06','서예성','123-456-0014','14',NULL,'2025-04-06',1,0,103,301),
(20241016,'123-456-0016','수원시 권선구','Bank 15','2005-01-01','employee16@example.com',NULL,'2024-02-06','조현주','123-456-0015','15',NULL,'2025-05-06',1,0,104,302),
(20241017,'123-456-0017','수원시 권선구','Bank 16','2006-01-01','employee17@example.com',NULL,'2024-02-06','황정은','123-456-0016','16',NULL,'2025-06-06',1,0,105,303),
(20241018,'123-456-0018','수원시 권선구','Bank 17','2007-01-01','employee18@example.com',NULL,'2024-02-06','김세중','123-456-0017','17',NULL,'2025-07-06',1,0,106,304),
(20241019,'123-456-0019','수원시 권선구','Bank 18','2008-01-01','employee19@example.com',NULL,'2024-02-06','이충현','123-456-0018','18',NULL,'2025-08-06',1,0,101,305),
(20241020,'123-456-0020','수원시 권선구','Bank 19','2009-01-01','employee20@example.com',NULL,'2024-02-06','박박박','123-456-0019','19',NULL,'2025-09-06',1,0,102,306),
(20241021,'123-456-0001','수원시 권선구','Bank 0','1990-01-01','employee21@example.com',NULL,'2024-02-06','임호진','123-456-0000','0',NULL,'2024-02-06',1,0,103,307),
(20241022,'123-456-0002','수원시 권선구','Bank 1','1991-01-01','employee2@example.com',NULL,'2024-02-06','천준호','123-456-0001','1',NULL,'2024-03-06',1,0,104,301);
INSERT INTO sixbeam_erp.hr_salaryid_tb(salary_id_cd,basic_salary,depart_cd,position_cd) VALUES (801,100,101,301),(802,110,101,302),(803,120,101,303),(804,130,101,304),
(805,140,101,305),(806,150,101,306),(807,160,101,307),(808,100,102,301),
(809,110,102,302),(810,120,102,303),(811,130,102,304),(812,140,102,305),(813,150,102,306),
(814,160,102,307),(815,100,103,301),(816,110,103,302),(817,120,103,303),(818,130,103,304),(819,140,103,305),
(820,150,103,306),(821,160,103,307),(822,100,104,301),(823,110,104,302),(824,120,104,303),(825,130,104,304),
(826,140,104,305),(827,150,104,306),(828,160,104,307),(829,100,105,301),(830,110,105,302),(831,120,105,303),
(832,130,105,304),(833,140,105,305),(834,150,105,306),(835,160,105,307),(836,100,106,301),(837,110,106,302),
(838,120,106,303),(839,130,106,304),(840,140,106,305),(841,150,106,306),(842,160,106,307);
INSERT INTO sixbeam_erp.hr_reason_tb (reason_cd,reason_nm)
VALUES
(401,'지각'),
(402,'조퇴'),
(403,'결석'),
(404,'연장근무'),
(405,'병가'),
(406,'경조사'),
(407,'연차');
INSERT INTO sixbeam_erp.hr_workschedule_tb (work_schedule_cd,empinfo_id, work_schedule_check, work_schedule_date, work_schedule_start_time, work_schedule_end_time,work_schedule_reason)
VALUES
(10001,20241001, 1, '2024-02-26', '09:01:00', '18:00:00',null),
(10002,20241002, 1, '2024-02-26', '09:02:00', '18:00:00',null),
(10003,20241003, 1, '2024-02-26', '09:03:00', '18:00:00',null),
(10004,20241004, 1, '2024-02-26', '09:04:00', '18:00:00',null),
(10005,20241005, 1, '2024-02-26', '09:05:00', '18:00:00',null),
(10006,20241006, 1, '2024-02-26', '09:06:00', '18:00:00',null),
(10007,20241007, 1, '2024-02-26', '09:07:00', '18:00:00',null),
(10008,20241008, 1, '2024-02-26', '09:08:00', '18:00:00',null),
(10009,20241009, 1, '2024-02-26', '09:09:00', '18:00:00',null),
(10010,20241010, 1, '2024-02-26', '09:10:00', '18:00:00',null),
(10011,20241011, 1, '2024-02-26', '09:11:00', '18:00:00',null),
(10012,20241012, 1, '2024-02-27', '09:12:00', '18:00:00',null),
(10013,20241013, 1, '2024-02-27', '09:13:00', '18:00:00',null),
(10014,20241014, 1, '2024-02-27', '09:00:00', '18:14:00',null),
(10015,20241015, 1, '2024-02-27', '09:00:00', '18:15:00',null),
(10016,20241016, 1, '2024-02-27', '09:00:00', '18:16:00',null),
(10017,20241017, 1, '2024-02-27', '09:00:00', '18:17:00',null),
(10018,20241018, 1, '2024-02-27', '09:00:00', '18:18:00',null),
(10019,20241019, 1, '2024-02-27', '09:00:00', '18:19:00',null),
(10020,20241020, 1, '2024-02-27', '09:00:00', '18:20:00',null),
(10021,20241021, 0, '2024-02-27', '09:00:00', '18:00:00',null),
(10022,20241022, 0, '2024-02-27', '09:00:00', '18:00:00',null),
(10023,20241016, 1, '2024-02-28', '09:00:00', '18:16:00',null),
(10024,20241017, 1, '2024-02-28', '09:00:00', '18:17:00',null),
(10025,20241018, 1, '2024-02-28', '09:00:00', '18:18:00',null),
(10026,20241019, 1, '2024-02-28', '09:00:00', '18:19:00',null),
(10027,20241020, 1, '2024-02-28', '09:00:00', '18:20:00',null),
(10028,20241021, 0, '2024-02-28', '09:00:00', '18:00:00',null);
-- 거래처 db --
INSERT INTO sixbeam_erp.ac_account_tb (account_acnb, account_add, account_bank, account_cd, account_etc, account_nb, account_nm, account_pic, account_rep, account_sectors)
values
('685-0473786985', '서울시 광진구', '카카오뱅크', 'CPN0831580507', null, '0831580507', '롯데', '임지환', '신격호', '유통'),
('783-6930006568', '경기도 성남시', '하나은행', 'CPN0896202274', null, '0896202274', '소니', '김선진', '모리타아키오', '제조'),
('033-4551844212', '서울시 구로구', '하나은행', 'CPN1203760813', null, '1203760813', 'NAVER', '임호진', '이해진', 'IT'),
('483-1484534403', '서울시 영등포구', '하나은행', 'CPN3058270672', null, '3058270672', 'POSCO', '임호진', '박태준', '제조'),
('098-7663007851', '서울시 강서구', '신한은행', 'CPN3184469866', null, '3184469866', '카카오', '임호진', '김범수', 'IT'),
('553-3530031122', '서울시 용산구', '신한은행', 'CPN4244014868', null, '4244014868', 'GS', '박종현', '허만정', '유통'),
('919-6316264851', '서울시 서초구', '하나은행', 'CPN5221945160', null, '5221945160', 'KT', '김영훈', '김영섭', '통신'),
('656-8255128990', '서울시 도봉구', '농협은행', 'CPN5431051314', null, '5431051314', 'APPLE', '이상효', '스티브잡스', 'IT'),
('145-3669839433', '서울시 관악구', '국민은행', 'CPN5593852744', null, '5593852744', 'SKT', '김영훈', '유영상', '통신'),
('951-3479499431', '서울시 중구', '우리은행', 'CPN6234714473', null, '6234714473', '두산', '박종현', '박승직', '건설'),
('973-4812556890', '서울시 종로구', '카카오뱅크', 'CPN6357090862', null, '6357090862', 'CJ', '박종현', '이병철', '유통'),
('012-0516866831', '서울시 금천구', '농협은행', 'CPN7551487293', null, '7551487293', 'NCsoft', '김영훈', '김택진', 'IT'),
('310-4668131524', '경기도 용인시', '우리은행', 'CPN8641151763', null, '8641151763', '대한통운', '김선진', '강신호', '유통'),
('859-4026701001', '서울시 동작구', '신한은행', 'CPN9769359992', null, '9769359992', 'LGU', '김영훈', '황현식', '통신'),
('673-7705371755', '서울시 노원구', '신한은행', 'CPN0764320143', '구매처', '0764320143', 'BRAVOTEC', '이상효', '김영진', '제조'),
('540-9279534862', '서울시 성북구', '국민은행', 'CPN1029807529', '구매처', '1029807529', 'AMD', '이상효', '제리샌더스', '제조'),
('226-6876859474', '서울시 성동구', '국민은행', 'CPN1173291319', '구매처', '1173291319', 'GIGABYTE', '임지환', '예페이청', '제조'),
('074-3127136659', '경기도 김포시', '하나은행', 'CPN1856927584', '구매처', '1856927584', '웨스턴디지털', '김선진', '앨빈필립스', '제조'),
('888-9898204726', '서울시 송파구', '농협은행', 'CPN2266939105', '구매처', '2266939105', '로지텍', '임지환', '다니엘보렉', '제조'),
('821-8168143276', '서울시 강동구', '우리은행', 'CPN4282222263', '구매처', '4282222263', '삼성전자', '임지환', '이건희', '제조'),
('703-1720820252', '서울시 마포구', '하나은행', 'CPN4308575449', '구매처', '4308575449', '애즈락', '박종현', '쉬스창', '제조'),
('067-6986366840', '서울시 동대문구', '카카오뱅크', 'CPN5277628939', '구매처', '5277628939', '인텔', '임지환', '고든무어', '제조'),
('517-5649280480', '서울시 강남구', '우리은행', 'CPN5836847354', '구매처', '5836847354', '마이크로닉스', '김영훈', '김종원', '제조'),
('025-9153541675', '경기도 하남시', '농협은행', 'CPN6543637212', '구매처', '6543637212', 'SEASONIC', '김선진', '칼벤츠', '제조'),
('098-4649694312', '서울시 강북구', '신한은행', 'CPN6814402423', '구매처', '6814402423', 'ZOTAC', '이상효', '김성표', '유통'),
('249-8986691231', '서울시 서대문구', '하나은행', 'CPN7422636804', '구매처', '7422636804', '다크플래시', '박종현', '민희진', '제조'),
('112-7155262063', '서울시 은평구', '국민은행', 'CPN8766713365', '구매처', '8766713365', '아수스', '임호진', '테드수', '제조'),
('875-3926701002', '경기도 안양시', '카카오뱅크', 'CPN8769359993', '구매처', '8769359993', '한성컴퓨터', '임호진', '한동열', '제조'),
('151-3927322602', '서울시 양천구', '농협은행', 'CPN8956377612', '구매처', '8956377612', 'EMTEK', '임호진', '박민규', '유통'),
('887-3826701003', '경기도 군포시', '카카오뱅크', 'CPN9469359994', '구매처', '9469359994', '레이저', '임호진', '로버트크라코프', '유통'),
('081-7901698385', '서울시 중랑구', '신한은행', 'CPN6287772501', '구매처 ', '6287772501', 'SK하이닉스', '이상효', '곽노정', '제조'),
('642-0290265811', '경기도 수원시 ', '우리은행', 'RTS1010101010', '소매매출', '8832918761', '개인거래', '김선진', 'CUSTOMER', '소매');
-- 재무상태표 db --
INSERT INTO sixbeam_erp.ac_bs_tb (bs_building, bs_capital, bs_cash, bs_earnings, bs_fac, bs_inventories, bs_land, bs_long_bor, bs_payables, bs_receivables, bs_dt) VALUES (200000000,250000000,10000000,32000000,100000000,30000000,200000000,260000000,3000000,5000000,'2022Q4');
INSERT INTO sixbeam_erp.ac_bs_tb (bs_building, bs_capital, bs_cash, bs_earnings, bs_fac, bs_inventories, bs_land, bs_long_bor, bs_payables, bs_receivables, bs_dt) VALUES (200000000,250000000,10000000,41000000,100000000,40000000,200000000,260000000,6000000,7000000,'2023Q3');
INSERT INTO sixbeam_erp.ac_bs_tb (bs_building, bs_capital, bs_cash, bs_earnings, bs_fac, bs_inventories, bs_land, bs_long_bor, bs_payables, bs_receivables, bs_dt) VALUES (200000000,250000000,10000000,51000000,100000000,50000000,200000000,260000000,8000000,9000000,'2024Q1');
-- 손익계산서 db ---
INSERT INTO sixbeam_erp.ac_is_tb (is_cortax_exp,is_cost_sales,is_inter_exp,is_inter_inc,is_net_sales,is_wages,is_dt) values
(15000,50000,2000,1500,100000,1000,'2022Q3'),
(18000,55000,2000,1500,120000,1200,'2023Q4'),
(21000,60000,2000,1500,140000,1300,'2024Q1');
-- 창고등록 DB --
insert into sixbeam_erp.st_whregist_tb (whregist_cd, whregist_nm) values('WHR1001','본사창고');
insert into sixbeam_erp.st_whregist_tb (whregist_cd, whregist_nm) values('WHR1002','생산창고');
insert into sixbeam_erp.st_whregist_tb (whregist_cd, whregist_nm) values('WHR1003','자재창고');
---- item db ----
INSERT INTO sixbeam_erp.pd_item_tb (item_up, item_cd, item_nm, item_stnd) VALUES
(1363500, 'F1001', 'ASSEMBLE-PC', 'PC-DESKTOP'),
(1935000, 'F1002', 'ASSEMBLE-PC', 'PC-DESKTOP'),
(1504500, 'F1003', 'ASSEMBLE-PC', 'PC-DESKTOP'),
(1520500, 'F1004', 'ASSEMBLE-PC', 'PC-DESKTOP'),
(2092000, 'F1005', 'ASSEMBLE-PC', 'PC-DESKTOP'),
(410000, 'R1001', 'INTEL-CPU', 'CPU-I5-13600K'),
(510000, 'R1002', 'AMD-CPU', 'CPU-R7-G5'),
(55000, 'R1003', 'SAMSUNG-RAM', 'RAM-DDR5-16GB'),
(29000, 'R1004', 'SKHYNIX-RAM', 'RAM-DDR4-8GB'),
(98000, 'R1005', 'ASUS-MAINBOARD', 'MAINBOARD-H610M'),
(170000, 'R1006', 'ASROCK-MAINBOARD', 'MAINBOARD-B760M'),
(269000, 'R1007', 'GIGABYTE-MAINBOARD', 'MAINBOARD-B650M'),
(403000, 'R1008', 'ASUS-VGA', 'VGA-RTX4060'),
(791000, 'R1009', 'ZOTAC-VGA', 'VGA-RTX4070'),
(538000, 'R1010', 'EMTEK-VGA', 'VGA-RTX4060TI'),
(128000, 'R1011', 'SKHYNIX-SSD', 'SSD-1TB'),
(115000, 'R1012', 'WESTERNDIGITAL-HDD', 'HDD-4TB'),
(68000, 'R1013', 'SAMSUNG-SSD', 'SSD-512GB'),
(98000, 'R1014', 'DARKFLASH-CASE', 'CASE-ITX'),
(45000, 'R1015', 'BRAVOTEC-CASE', 'CASE-MATX'),
(126000, 'R1016', 'SEASONIC-POWER', 'POWER-750W'),
(54500, 'R1017', 'MICRONICS-POWER', 'POWER-500W'),
(77500, 'R1018', 'LOGITECH-KEYBOARD', 'KEYBOARD-T'),
(189000, 'R1019', 'HANSUNG-KEYBOARD', 'KEYBOARD-TL'),
(72900, 'R1020', 'RAZER-MOUSE', 'MOUSE-WL');
---- fitem db ----
insert into sixbeam_erp.pd_fitem_tb (item_cd, item_nm, item_stnd, item_up) values
('F1001', 'ASSEMBLE-PC', 'PC-DESKTOP', 1363500),
('F1002', 'ASSEMBLE-PC', 'PC-DESKTOP', 1935000),
('F1003', 'ASSEMBLE-PC', 'PC-DESKTOP', 1504500),
('F1004', 'ASSEMBLE-PC', 'PC-DESKTOP', 1520500),
('F1005', 'ASSEMBLE-PC', 'PC-DESKTOP', 2092000);
---- ritem db ----
insert into sixbeam_erp.pd_ritem_tb (item_cd, item_nm, item_stnd, item_up) values
('R1001', 'INTEL-CPU', 'CPU-I5-13600K', 410000),
('R1002', 'AMD-CPU', 'CPU-R7-G5', 510000),
('R1003', 'SAMSUNG-RAM', 'RAM-DDR5-16GB', 55000),
('R1004', 'SKHYNIX-RAM', 'RAM-DDR4-8GB', 29000),
('R1005', 'ASUS-MAINBOARD', 'MAINBOARD-H610M', 98000),
('R1006', 'ASROCK-MAINBOARD', 'MAINBOARD-B760M', 170000),
('R1007', 'GIGABYTE-MAINBOARD', 'MAINBOARD-B650M', 269000),
('R1008', 'ASUS-VGA', 'VGA-RTX4060', 403000),
('R1009', 'ZOTAC-VGA', 'VGA-RTX4070', 791000),
('R1010', 'EMTEK-VGA', 'VGA-RTX4060TI', 538000),
('R1011', 'SKHYNIX-SSD', 'SSD-1TB', 128000),
('R1012', 'WESTERNDIGITAL-HDD', 'HDD-4TB', 115000),
('R1013', 'SAMSUNG-SSD', 'SSD-512GB', 68000),
('R1014', 'DARKFLASH-CASE', 'CASE-ITX', 98000),
('R1015', 'BRAVOTEC-CASE', 'CASE-MATX', 45000),
('R1016', 'SEASONIC-POWER', 'POWER-750W', 126000),
('R1017', 'MICRONICS-POWER', 'POWER-500W', 54500),
('R1018', 'LOGITECH-KEYBOARD', 'KEYBOARD-T', 77500),
('R1019', 'HANSUNG-KEYBOARD', 'KEYBOARD-TL', 189000),
('R1020', 'RAZER-MOUSE', 'MOUSE-WL', 72900);
---- bom db ----
insert into sixbeam_erp.pd_bom_tb (fitem_cd, ritem_cd, bom_use_mt, bom_work_tm) values
('F1001', 'R1001', 1, '00:45:00'),
('F1001', 'R1003', 2, '00:45:00'),
('F1001', 'R1005', 1, '00:45:00'),
('F1001', 'R1008', 1, '00:45:00'),
('F1001', 'R1011', 1, '00:45:00'),
('F1001', 'R1012', 1, '00:45:00'),
('F1001', 'R1015', 1, '00:45:00'),
('F1001', 'R1017', 1, '00:45:00'),
('F1002', 'R1002', 1, '00:50:00'),
('F1002', 'R1004', 2, '00:50:00'),
('F1002', 'R1007', 1, '00:50:00'),
('F1002', 'R1009', 1, '00:50:00'),
('F1002', 'R1013', 2, '00:50:00'),
('F1002', 'R1015', 1, '00:50:00'),
('F1002', 'R1016', 1, '00:50:00'),
('F1003', 'R1002', 1, '00:40:00'),
('F1003', 'R1003', 1, '00:40:00'),
('F1003', 'R1007', 1, '00:40:00'),
('F1003', 'R1008', 1, '00:40:00'),
('F1003', 'R1012', 1, '00:40:00'),
('F1003', 'R1014', 1, '00:40:00'),
('F1003', 'R1017', 1, '00:40:00'),
('F1004', 'R1002', 1, '00:45:00'),
('F1004', 'R1003', 1, '00:45:00'),
('F1004', 'R1006', 1, '00:45:00'),
('F1004', 'R1008', 1, '00:45:00'),
('F1004', 'R1012', 2, '00:45:00'),
('F1004', 'R1014', 1, '00:45:00'),
('F1004', 'R1017', 1, '00:45:00'),
('F1005', 'R1001', 1, '01:20:00'),
('F1005', 'R1004', 4, '01:20:00'),
('F1005', 'R1006', 1, '01:20:00'),
('F1005', 'R1008', 2, '01:20:00'),
('F1005', 'R1012', 2, '01:20:00'),
('F1005', 'R1013', 2, '01:20:00'),
('F1005', 'R1014', 1, '01:20:00'),
('F1005', 'R1016', 1, '01:20:00');
-- 창고이동 DB --
insert into sixbeam_erp.st_whmove_tb (whmove_amt,whmove_dt,empinfo_id,item_cd,whmove_cd,whmove_gb,whregist_cd) values
(1,'2024-01-02','20241009','F1001','WHM20240102-0001','출고','WHR1002'),
(5,'2024-01-02','20241001','R1001','WHM20240102-0002','입고','WHR1003'),
(10,'2024-01-02','20241001','R1003','WHM20240102-0003','입고','WHR1003'),
(2,'2024-01-03','20241009','F1002','WHM20240103-0001','출고','WHR1002'),
(5,'2024-01-03','20241009','F1001','WHM20240103-0002','출고','WHR1002'),
(7,'2024-01-03','20241002','R1011','WHM20240103-0003','입고','WHR1003'),
(9,'2024-01-03','20241002','R1012','WHM20240103-0004','입고','WHR1003'),
(15,'2024-01-03','20241002','R1013','WHM20240103-0005','입고','WHR1003'),
(1,'2024-01-04','20241008','F1001','WHM20240104-0001','입고','WHR1003'),
(4,'2024-01-04','20241007','F1004','WHM20240104-0002','출고','WHR1002'),
(13,'2024-01-04','20241003','R1002','WHM20240104-0003','입고','WHR1003'),
(20,'2024-01-04','20241003','R1005','WHM20240104-0004','입고','WHR1003'),
(2,'2024-01-05','20241008','F1002','WHM20240105-0001','입고','WHR1003'),
(5,'2024-01-05','20241008','F1001','WHM20240105-0002','입고','WHR1003'),
(10,'2024-01-05','20241009','F1005','WHM20240105-0003','출고','WHR1002'),
(16,'2024-01-05','20241004','R1006','WHM20240105-0004','입고','WHR1003'),
(17,'2024-01-05','20241004','R1007','WHM20240105-0005','입고','WHR1003'),
(13,'2024-01-05','20241004','R1008','WHM20240105-0006','입고','WHR1003'),
(4,'2024-01-08','20241008','F1004','WHM20240108-0001','입고','WHR1003'),
(10,'2024-01-08','20241008','F1005','WHM20240108-0002','입고','WHR1003'),
(50,'2024-01-08','20241005','R1004','WHM20240108-0003','입고','WHR1003'),
(15,'2024-01-08','20241005','R1005','WHM20240108-0004','입고','WHR1003'),
(25,'2024-01-08','20241005','R1006','WHM20240108-0005','입고','WHR1003'),
(25,'2024-01-08','20241005','R1014','WHM20240108-0006','입고','WHR1003'),
(30,'2024-01-08','20241005','R1015','WHM20240108-0007','입고','WHR1003'),
(25,'2024-01-08','20241005','R1016','WHM20240108-0008','입고','WHR1003'),
(35,'2024-01-08','20241005','R1017','WHM20240108-0009','입고','WHR1003'),
(30,'2024-01-08','20241005','R1018','WHM20240108-0010','입고','WHR1003'),
(37,'2024-01-08','20241005','R1019','WHM20240108-0011','입고','WHR1003'),
(40,'2024-01-08','20241005','R1020','WHM20240108-0012','입고','WHR1003'),
(20,'2024-01-09','20241007','R1001','WHM20240109-0001','출고','WHR1002'),
(20,'2024-01-09','20241006','R1001','WHM20240109-0002','입고','WHR1003'),
(17,'2024-01-09','20241006','R1002','WHM20240109-0003','입고','WHR1003'),
(36,'2024-01-09','20241006','R1003','WHM20240109-0004','입고','WHR1003'),
(45,'2024-01-09','20241006','R1004','WHM20240109-0005','입고','WHR1003'),
(36,'2024-01-09','20241006','R1005','WHM20240109-0006','입고','WHR1003'),
(31,'2024-01-09','20241006','R1006','WHM20240109-0007','입고','WHR1003'),
(23,'2024-01-09','20241006','R1007','WHM20240109-0008','입고','WHR1003'),
(18,'2024-01-09','20241006','R1008','WHM20240109-0009','입고','WHR1003'),
(20,'2024-01-09','20241006','R1009','WHM20240109-0010','입고','WHR1003'),
(20,'2024-01-09','20241006','R1010','WHM20240109-0011','입고','WHR1003'),
(15,'2024-01-10','20241007','R1002','WHM20240110-0001','출고','WHR1002'),
(20,'2024-01-11','20241008','R1001','WHM20240111-0001','입고','WHR1003'),
(13,'2024-01-11','20241009','R1003','WHM20240111-0002','출고','WHR1002'),
(15,'2024-01-12','20241008','R1002','WHM20240112-0001','입고','WHR1003'),
(13,'2024-01-15','20241008','R1003','WHM20240115-0001','입고','WHR1003'),
(7,'2024-01-15','20241007','R1004','WHM20240115-0002','출고','WHR1002'),
(7,'2024-01-17','20241008','R1004','WHM20240117-0001','입고','WHR1003'),
(8,'2024-01-18','20241009','R1005','WHM20240118-0001','출고','WHR1002'),
(8,'2024-01-19','20241008','R1005','WHM20240119-0001','입고','WHR1003'),
(8,'2024-01-22','20241007','R1006','WHM20240122-0001','출고','WHR1002'),
(3,'2024-01-23','20241009','R1007','WHM20240123-0001','출고','WHR1002'),
(8,'2024-01-24','20241008','R1006','WHM20240124-0001','입고','WHR1003'),
(2,'2024-01-24','20241007','R1008','WHM20240124-0002','출고','WHR1002'),
(3,'2024-01-25','20241008','R1007','WHM20240125-0001','입고','WHR1003'),
(2,'2024-01-26','20241008','R1008','WHM20240126-0001','입고','WHR1003'),
(3,'2024-01-29','20241008','F1001','WHM20240129-0001','출고','WHR1003'),
(3,'2024-01-31','20241004','F1001','WHM20240131-0001','입고','WHR1001'),
(5,'2024-01-31','20241001','F1001','WHM20240131-0002','출고','WHR1001'),
(7,'2024-02-01','20241008','F1003','WHM20240201-0001','출고','WHR1003'),
(8,'2024-02-01','20241005','F1002','WHM20240201-0002','출고','WHR1001'),
(7,'2024-02-02','20241004','F1003','WHM20240202-0001','입고','WHR1001'),
(3,'2024-02-15','20241007','F1003','WHM20240215-0001','출고','WHR1001'),
(10,'2024-03-02','20241001','F1004','WHM20240302-0001','출고','WHR1001'),
(7,'2024-03-20','20241005','F1005','WHM20240320-0001','출고','WHR1001'),
(6,'2024-08-12','20241007','R1001','WHM20240812-0001','출고','WHR1001'),
(9,'2024-08-25','20241001','R1002','WHM20240825-0001','출고','WHR1001'),
(4,'2024-09-03','20241005','R1003','WHM20240903-0001','출고','WHR1001'),
(12,'2024-09-18','20241007','R1004','WHM20240918-0001','출고','WHR1001'),
(8,'2024-09-30','20241001','R1005','WHM20240930-0001','출고','WHR1001'),
(10,'2024-09-30','20241005','R1006','WHM20240930-0002','출고','WHR1001'),
(15,'2024-09-30','20241007','R1007','WHM20240930-0003','출고','WHR1001'),
(20,'2024-09-30','20241001','R1008','WHM20240930-0004','출고','WHR1001'),
(12,'2024-09-30','20241005','R1009','WHM20240930-0005','출고','WHR1001'),
(18,'2024-09-30','20241007','R1010','WHM20240930-0006','출고','WHR1001'),
(10,'2024-09-30','20241001','R1011','WHM20240930-0007','출고','WHR1001'),
(15,'2024-09-30','20241005','R1012','WHM20240930-0008','출고','WHR1001'),
(8,'2024-09-30','20241007','R1013','WHM20240930-0009','출고','WHR1001'),
(25,'2024-09-30','20241001','R1014','WHM20240930-0010','출고','WHR1001'),
(14,'2024-09-30','20241005','R1014','WHM20240930-0011','출고','WHR1001'),
(20,'2024-09-30','20241007','R1015','WHM20240930-0012','출고','WHR1001'),
(10,'2024-09-30','20241001','R1016','WHM20240930-0013','출고','WHR1001'),
(12,'2024-09-30','20241005','R1017','WHM20240930-0014','출고','WHR1001'),
(19,'2024-09-30','20241007','R1018','WHM20240930-0015','출고','WHR1001'),
(14,'2024-09-30','20241001','R1019','WHM20240930-0016','출고','WHR1001'),
(16,'2024-09-30','20241005','R1020','WHM20240930-0017','출고','WHR1001'),
(10,'2024-09-30','20241007','R1020','WHM20240930-0018','출고','WHR1001'),
(22,'2024-09-30','20241001','R1020','WHM20240930-0019','출고','WHR1001'),
(16,'2024-09-30','20241005','R1020','WHM20240930-0020','출고','WHR1001'),
(20,'2024-09-30','20241007','R1020','WHM20240930-0021','출고','WHR1001'),
(1,'2024-10-01','20241009','R1006','WHM20241001-0001','입고','WHR1002'),
(1,'2024-10-01','20241009','R1006','WHM20241001-0002','입고','WHR1002'),
(1,'2024-10-01','20241009','R1006','WHM20241001-0003','입고','WHR1002'),
(1,'2024-10-01','20241009','R1006','WHM20241001-0004','입고','WHR1002'),
(1,'2024-10-01','20241009','R1006','WHM20241001-0005','입고','WHR1002'),
(1,'2024-10-01','20241009','R1006','WHM20241001-0006','입고','WHR1002'),
(1,'2024-10-01','20241009','R1006','WHM20241001-0007','입고','WHR1002'),
(1,'2024-10-01','20241009','R1006','WHM20241001-0008','입고','WHR1002'),
(1,'2024-10-01','20241009','R1006','WHM20241001-0009','입고','WHR1002'),
(1,'2024-10-01','20241009','R1006','WHM20241001-0010','입고','WHR1002'),
(1,'2024-10-01','20241009','R1006','WHM20241001-0011','입고','WHR1002'),
(1,'2024-10-01','20241009','R1006','WHM20241001-0012','입고','WHR1002'),
(1,'2024-10-01','20241009','R1006','WHM20241001-0013','입고','WHR1002'),
(1,'2024-10-01','20241009','R1006','WHM20241001-0014','입고','WHR1002'),
(1,'2024-10-01','20241009','R1006','WHM20241001-0015','입고','WHR1002');
-- As DB --
insert into sixbeam_erp.st_as_tb (as_amt,as_dt,ascmpt_dt,empinfo_id,account_cd,as_cd,as_mo,as_st,as_ti,item_cd,whregist_cd) values
(1,'2024-10-01','2024-10-12','20241005','CPN9769359992','AS20241001-0001','접촉 불량 / ASAP요청','AS 진행','고객사 납품件 AS접수 요청','R1006','WHR1002'),
(1,'2024-10-01','2024-10-12','20241005','CPN8956377612','AS20241001-0002','접촉 불량 / ASAP요청','AS 진행','고객사 납품件 AS접수 요청','R1006','WHR1002'),
(1,'2024-10-01','2024-10-12','20241005','CPN9769359992','AS20241001-0003','접촉 불량 / ASAP요청','AS 진행','고객사 납품件 AS접수 요청','R1006','WHR1002'),
(1,'2024-10-01','2024-10-12','20241005','CPN8766713365','AS20241001-0004','접촉 불량 / ASAP요청','AS 진행','고객사 납품件 AS접수 요청','R1006','WHR1002'),
(1,'2024-10-01','2024-10-12','20241005','CPN8641151763','AS20241001-0005','접촉 불량 / ASAP요청','AS 진행','고객사 납품件 AS접수 요청','R1006','WHR1002'),
(1,'2024-10-01','2024-10-12','20241005','CPN7551487293','AS20241001-0006','접촉 불량 / ASAP요청','AS 진행','고객사 납품件 AS접수 요청','R1006','WHR1002'),
(1,'2024-10-01','2024-10-12','20241005','CPN7422636804','AS20241001-0007','접촉 불량 / ASAP요청','AS 진행','고객사 납품件 AS접수 요청','R1006','WHR1002'),
(1,'2024-10-01','2024-10-12','20241005','CPN6814402423','AS20241001-0008','접촉 불량 / ASAP요청','AS 진행','고객사 납품件 AS접수 요청','R1006','WHR1002'),
(1,'2024-10-01','2024-10-12','20241005','CPN6543637212','AS20241001-0009','접촉 불량 / ASAP요청','AS 진행','고객사 납품件 AS접수 요청','R1006','WHR1002'),
(1,'2024-10-01','2024-10-12','20241005','CPN6357090862','AS20241001-0010','접촉 불량 / ASAP요청','AS 진행','고객사 납품件 AS접수 요청','R1006','WHR1002'),
(1,'2024-10-01','2024-10-12','20241005','CPN6287772501','AS20241001-0011','접촉 불량 / ASAP요청','AS 진행','고객사 납품件 AS접수 요청','R1006','WHR1002'),
(1,'2024-10-01','2024-10-12','20241005','CPN6234714473','AS20241001-0012','접촉 불량 / ASAP요청','AS 진행','고객사 납품件 AS접수 요청','R1006','WHR1002'),
(1,'2024-10-01','2024-10-12','20241005','CPN5836847354','AS20241001-0013','접촉 불량 / ASAP요청','AS 진행','고객사 납품件 AS접수 요청','R1006','WHR1002'),
(1,'2024-10-01','2024-10-12','20241005','CPN5593852744','AS20241001-0014','접촉 불량 / ASAP요청','AS 진행','고객사 납품件 AS접수 요청','R1006','WHR1002'),
(1,'2024-10-01','2024-10-12','20241005','CPN5431051314','AS20241001-0015','접촉 불량 / ASAP요청','AS 진행','고객사 납품件 AS접수 요청','R1006','WHR1002');

-- 견적 db--
INSERT INTO sixbeam_erp.SS_ESTIMATE_TB (
estimate_cd,
empinfo_id,
account_cd,
item_cd,
ESTIMATE_DT,
ESTIMATE_NM,
ESTIMATE_AMT,
ESTIMATE_UP,
ESTIMATE_ETC)
VALUES
('ES2024-02-02-101',20241001,'CPN9769359992','F1001','20240131', '김철수', 5, 800000, '더미 텍스트'),
('ES2024-02-02-102',20241005,'CPN8956377612','F1002','20240201', '이영희', 8, 850000,  '더미 텍스트'),
('ES2024-02-02-103',20241007,'CPN9769359992','F1003','20240215', '박민준', 3, 500000,  '더미 텍스트'),
('ES2024-02-02-104',20241001,'CPN8766713365','F1004','20240302', '정지수', 10, 1000000,  '더미 텍스트'),
('ES2024-02-02-105',20241005,'CPN8641151763','F1005','20240320','최영호', 7, 1500000,  '더미 텍스트'),
('ES2024-02-02-106',20241007,'CPN7551487293','R1001','20240812', '김하늘', 6, 410000,  '더미 텍스트'),
('ES2024-02-02-107',20241001,'CPN7422636804','R1002','20240825', '이태양', 9, 510000, '더미 텍스트'),
('ES2024-02-02-108',20241005,'CPN6814402423','R1003','20240903', '박소은', 4, 55000,  '더미 텍스트'),
('ES2024-02-02-109',20241007,'CPN6543637212','R1004','20240918', '정우진', 12, 29000,  '더미 텍스트'),
('ES2024-02-02-110',20241001,'CPN6357090862','R1005','20240930', '최민서', 8, 98000,  '더미 텍스트'),
('ES2024-02-02-111',20241005,'CPN6287772501','R1006','20240930', '아저씨', 10, 170000, '더미 텍스트'),
('ES2024-02-02-112',20241007, 'CPN6234714473', 'R1007', '20241001', '홍길동', 15, 269000,  '더미 텍스트'),
('ES2024-02-02-113',20241001, 'CPN5836847354', 'R1008', '20241015', '이순신', 20, 403000,  '더미 텍스트'),
('ES2024-02-02-114',20241005, 'CPN5593852744', 'R1009', '20241101', '김영희', 12, 791000,  '더미 텍스트'),
('ES2024-02-02-115',20241007, 'CPN5431051314', 'R1010', '20241115', '이철수', 18, 538000,  '더미 텍스트'),
('ES2024-02-02-116',20241001, 'CPN5277628939', 'R1011', '20241201', '박민준', 10, 128000,  '더미 텍스트'),
('ES2024-02-02-117',20241005, 'CPN5221945160', 'R1012', '20241215', '정우진', 15, 115000,  '더미 텍스트'),
('ES2024-02-02-118',20241007, 'CPN4308575449', 'R1013', '20250101', '김하늘', 8, 68000,  '더미 텍스트'),
('ES2024-02-02-119',20241001, 'CPN4282222263', 'R1014', '20250115', '이태양', 25, 98000,  '더미 텍스트'),
('ES2024-02-02-120',20241005, 'CPN4244014868', 'R1014', '20250201', '박소은', 14, 98000, '더미 텍스트'),
('ES2024-02-02-121',20241007, 'CPN3184469866', 'R1015', '20250215', '최영호', 20, 45000, '더미 텍스트'),
('ES2024-02-02-122',20241001, 'CPN3058270672', 'R1016', '20250301', '홍길순', 10, 126000,  '더미 텍스트'),
('ES2024-02-02-123',20241005, 'CPN2266939105', 'R1017', '20250315', '김철수', 12, 54500,  '더미 텍스트'),
('ES2024-02-02-124',20241007, 'CPN1856927584', 'R1018', '20250825', '송중기', 19, 77500, '더미 텍스트'),
('ES2024-02-02-125',20241001, 'CPN1203760813', 'R1019', '20250910', '한예슬', 14, 189000,  '더미 텍스트'),
('ES2024-02-02-126',20241005, 'CPN1173291319', 'R1020', '20250925', '송혜교', 16, 72900,  '더미 텍스트'),
('ES2024-02-02-127',20241007, 'CPN1029807529', 'R1020', '20251010', '이민호', 10, 72900,  '더미 텍스트'),
('ES2024-02-02-128',20241001, 'CPN0896202274', 'R1020', '20251025', '손예진', 22, 72900,  '더미 텍스트'),
('ES2024-02-02-129',20241005, 'CPN0831580507', 'R1020', '20251110', '조정석', 16, 72900,  '더미 텍스트'),
('ES2024-02-02-130',20241007, 'CPN0764320143', 'R1020', '20251125', '한가인', 20, 72900,  '더미 텍스트'),
('ES2024-02-02-131',20241001, 'RTS1010101010', 'R1020', '20251210', '김소현', 14, 72900,  '더미 텍스트'),
('ES2024-02-02-132',20241005, 'RTS1010101010', 'R1020', '20251225', '서현진', 18, 72900,  '더미 텍스트'),
('ES2024-02-02-133',20241007, 'RTS1010101010', 'R1020', '20260110', '이동욱', 15, 72900,  '더미 텍스트');
-- 판매 db(출하등록 전) --
INSERT INTO sixbeam_erp.SS_SALE_TB (
SALE_UPLOAD_DT,
SALE_BILLING_DT,
SALE_BILLING_ST,
SALE_PAYMENT_DT,
SALE_SHIPPING_ST,
SALE_SHIPPING_DT,
SALE_CD,
ESTIMATE_CD,
whregist_cd
)
VALUES
('20240131', '20240131', false, null, '판매대기중', '20240131', 'SS2024-02-02-101', 'ES2024-02-02-101', 'WHR1001'),
('20240201', '20240201', false, null, '판매대기중', '20240201', 'SS2024-02-02-102', 'ES2024-02-02-102','WHR1001'),
('20240215', '20240215', false, null, '판매대기중', '20240215', 'SS2024-02-02-103', 'ES2024-02-02-103','WHR1001'),
('20240302', '20240302', false, null, '판매대기중', '20240302', 'SS2024-02-02-104', 'ES2024-02-02-104','WHR1001'),
('20240320', '20240320', false, null, '판매대기중', '20240320', 'SS2024-02-02-105', 'ES2024-02-02-105','WHR1001'),
('20240812', '20240812', false, null, '판매대기중', '20240812', 'SS2024-02-02-106', 'ES2024-02-02-106','WHR1001'),
('20240825', '20240825', false, null, '판매대기중', '20240825', 'SS2024-02-02-107', 'ES2024-02-02-107','WHR1001'),
('20240903', '20240903', false, null, '판매대기중', '20240903', 'SS2024-02-02-108', 'ES2024-02-02-108','WHR1001'),
('20240918', '20240918', false, null, '판매대기중', '20240918', 'SS2024-02-02-109', 'ES2024-02-02-109','WHR1001'),
('20240930', '20240930', false,null, '판매대기중', '20240930', 'SS2024-02-02-110', 'ES2024-02-02-110', 'WHR1001'),
('20240930', '20240930', false, null, '판매대기중', '20240930', 'SS2024-02-02-111', 'ES2024-02-02-111','WHR1001'),
('20240930', '20240930', false, null, '판매대기중', '20240930', 'SS2024-02-02-112', 'ES2024-02-02-112','WHR1001'),
('20240930', '20240930', false, null, '판매대기중', '20240930', 'SS2024-02-02-113', 'ES2024-02-02-113', 'WHR1001'),
('20240930', '20240930', false, null, '판매대기중', '20240930', 'SS2024-02-02-114', 'ES2024-02-02-114', 'WHR1001'),
('20240930', '20240930', false, null, '판매대기중', '20240930', 'SS2024-02-02-115', 'ES2024-02-02-115', 'WHR1001'),
('20240930', '20240930', false, null, '판매대기중', '20240930', 'SS2024-02-02-116', 'ES2024-02-02-116', 'WHR1001'),
('20240930', '20240930', false, null, '판매대기중', '20240930', 'SS2024-02-02-117', 'ES2024-02-02-117', 'WHR1001'),
('20240930', '20240930', false, null, '판매대기중', '20240930', 'SS2024-02-02-118', 'ES2024-02-02-118', 'WHR1001'),
('20240930', '20240930', false, null, '판매대기중', '20240930', 'SS2024-02-02-119', 'ES2024-02-02-119', 'WHR1001'),
('20240930', '20240930', false, null, '판매대기중', '20240930', 'SS2024-02-02-120', 'ES2024-02-02-120', 'WHR1001'),
('20240930', '20240930', false, null, '판매대기중', '20240930', 'SS2024-02-02-121', 'ES2024-02-02-121', 'WHR1001'),
('20240930', '20240930', false, null, '판매대기중', '20240930', 'SS2024-02-02-122', 'ES2024-02-02-122', 'WHR1001'),
('20240930', '20240930', false, null, '판매대기중', '20240930', 'SS2024-02-02-123', 'ES2024-02-02-123', 'WHR1001'),
('20240930', '20240930', false, null, '판매대기중', '20240930', 'SS2024-02-02-124', 'ES2024-02-02-124', 'WHR1001'),
('20240930', '20240930', false, null, '판매대기중', '20240930', 'SS2024-02-02-125', 'ES2024-02-02-125', 'WHR1001'),
('20240930', '20240930', false, null, '판매대기중', '20240930', 'SS2024-02-02-126', 'ES2024-02-02-126', 'WHR1001'),
('20240930', '20240930', false, null, '판매대기중', '20240930', 'SS2024-02-02-127', 'ES2024-02-02-127', 'WHR1001'),
('20240930', '20240930', false, null, '판매대기중', '20240930', 'SS2024-02-02-128', 'ES2024-02-02-128', 'WHR1001'),
('20240930', '20240930', false, null, '판매대기중', '20240930', 'SS2024-02-02-129', 'ES2024-02-02-129', 'WHR1001'),
('20240930', '20240930', false, null, '판매대기중', '20240930', 'SS2024-02-02-130', 'ES2024-02-02-130', 'WHR1001');
-- 출하 DB --
insert into sixbeam_erp.st_release_tb (release_amt,release_dt,empinfo_id,account_cd,item_cd,release_addr,release_cd,release_phone,release_rv,release_zc,sale_cd,whregist_cd) values
(5,'2024-01-31','20241001','CPN9769359992','F1001','서울시 강남구 역삼동 123-45','REL20240131-0001','010-1234-5678','김철수','06012','SS2024-02-02-101','WHR1001'),
(8,'2024-02-01','20241005','CPN8956377612','F1002','경기도 수원시 장안구 영통동 678-90','REL20240201-0002','010-9876-5432','이영희','16473','SS2024-02-02-102','WHR1001'),
(3,'2024-02-15','20241007','CPN9769359992','F1003','부산광역시 해운대구 송정동 56-78','REL20240215-0003','010-1111-2222','박민준','48058','SS2024-02-02-103','WHR1001'),
(10,'2024-03-02','20241001','CPN8766713365','F1004','인천광역시 남동구 만수동 12-34','REL20240302-0004','010-5555-6666','정지수','21536','SS2024-02-02-104','WHR1001'),
(7,'2024-03-20','20241005','CPN8641151763','F1005','대구광역시 중구 삼덕동 987-65','REL20240320-0005','010-9999-8888','최영호','41907','SS2024-02-02-105','WHR1001'),
(6,'2024-08-12','20241007','CPN7551487293','R1001','대전광역시 서구 둔산동 345-67','REL20240812-0006','010-4321-8765','김하늘','35247','SS2024-02-02-106','WHR1001'),
(9,'2024-08-25','20241001','CPN7422636804','R1002','광주광역시 동구 서석동 89-01','REL20240825-0007','010-8765-4321','이태양','61425','SS2024-02-02-107','WHR1001'),
(4,'2024-09-03','20241005','CPN6814402423','R1003','울산광역시 남구 삼산동 234-56','REL20240903-0008','010-2468-1357','박소은','44702','SS2024-02-02-108','WHR1001'),
(12,'2024-09-18','20241007','CPN6543637212','R1004','경북 포항시 북구 용흥동 901-23','REL20240918-0009','010-7890-4321','정우진','37856','SS2024-02-02-109','WHR1001'),
(8,'2024-09-30','20241001','CPN6357090862','R1005','전북 전주시 완산구 효자동 345-67','REL20240930-0010','010-6543-2109','최민서','55024','SS2024-02-02-110','WHR1001'),
(10,'2024-09-30','20241005','CPN6287772501','R1006','전남 목포시 용당동 789-01','REL20240930-0011','010-7777-8888','아저씨','58731','SS2024-02-02-111','WHR1001'),
(15,'2024-09-30','20241007','CPN6234714473','R1007','경남 창원시 의창구 사림동 234-56','REL20240930-0012','010-3333-4444','홍길동','51402','SS2024-02-02-112','WHR1001'),
(20,'2024-09-30','20241001','CPN5836847354','R1008','충북 청주시 상당구 문의동 012-34','REL20240930-0013','010-0000-9999','이순신','28645','SS2024-02-02-113','WHR1001'),
(12,'2024-09-30','20241005','CPN5593852744','R1009','충남 아산시 배방읍 석정리 567-89','REL20240930-0014','010-5678-4321','김영희','31456','SS2024-02-02-114','WHR1001'),
(18,'2024-09-30','20241007','CPN5431051314','R1010','강원 원주시 부론동 890-12','REL20240930-0015','010-1357-2468','이철수','26473','SS2024-02-02-115','WHR1001'),
(10,'2024-09-30','20241001','CPN5277628939','R1011','경기 안양시 만안구 박달동 345-67','REL20240930-0016','010-8765-1234','박민준','13924','SS2024-02-02-116','WHR1001'),
(15,'2024-09-30','20241005','CPN5221945160','R1012','인천 서구 청라동 012-34','REL20240930-0017','010-4444-5555','정우진','22658','SS2024-02-02-117','WHR1001'),
(8,'2024-09-30','20241007','CPN4308575449','R1013','대전 유성구 구암동 789-01','REL20240930-0018','010-8888-9999','김하늘','34105','SS2024-02-02-118','WHR1001'),
(25,'2024-09-30','20241001','CPN4282222263','R1014','광주 북구 우치로 234-56','REL20240930-0019','010-6666-7777','이태양','61472','SS2024-02-02-119','WHR1001'),
(14,'2024-09-30','20241005','CPN4244014868','R1014','울산 중구 성안동 567-89','REL20240930-0020','010-2222-3333','박소은','44012','SS2024-02-02-120','WHR1001'),
(20,'2024-09-30','20241007','CPN3184469866','R1015','경북 경주시 보문로 012-34','REL20240930-0021','010-7890-1234','최영호','38036','SS2024-02-02-121','WHR1001'),
(10,'2024-09-30','20241001','CPN3058270672','R1016','전북 익산시 망성동 901-23','REL20240930-0022','010-5678-9012','홍길순','54629','SS2024-02-02-122','WHR1001'),
(12,'2024-09-30','20241005','CPN2266939105','R1017','전남 여수시 국동 345-67','REL20240930-0023','010-1234-5670','김철수','59602','SS2024-02-02-123','WHR1001'),
(19,'2024-09-30','20241007','CPN1856927584','R1018','경남 진주시 남강로 789-01','REL20240930-0024','010-9876-5430','송중기','52814','SS2024-02-02-124','WHR1001'),
(14,'2024-09-30','20241001','CPN1203760813','R1019','충북 청주시 청원구 오창읍 234-56','REL20240930-0025','010-1111-2220','한예슬','28671','SS2024-02-02-125','WHR1001'),
(16,'2024-09-30','20241005','CPN1173291319','R1020','충남 서산시 동문로 890-12','REL20240930-0026','010-5555-6660','송혜교','35648','SS2024-02-02-126','WHR1001'),
(10,'2024-09-30','20241007','CPN1029807529','R1020','강원 춘천시 효자동 012-34','REL20240930-0027','010-9999-8880','이민호','26415','SS2024-02-02-127','WHR1001'),
(22,'2024-09-30','20241001','CPN0896202274','R1020','경기 성남시 분당구 정자동 567-89','REL20240930-0028','010-4321-8760','손예진','13573','SS2024-02-02-128','WHR1001'),
(16,'2024-09-30','20241005','CPN0831580507','R1020','인천 강화군 강화읍 012-34','REL20240930-0029','010-8765-4320','조정석','23021','SS2024-02-02-129','WHR1001'),
(20,'2024-09-30','20241007','CPN0764320143','R1020','대전 대덕구 비래동 901-23','REL20240930-0030','010-2468-1350','한가인','34509','SS2024-02-02-130','WHR1001');
-- 멤버 db --
INSERT INTO sixbeam_erp.SS_MEMBER_TB (ESTIMATE_CD,MEMBER_ID, MEMBER_NM, MEMBER_PHONE, MEMBER_ADDR)
VALUES
('ES2024-02-02-133','email1@example.com', '김철수', '010-1234-5678', '서울시 강남구'),
('ES2024-02-02-131','email2@example.com', '이영희', '010-2345-6789', '서울시 강서구'),
('ES2024-02-02-132','email3@example.com', '박민준', '010-3456-7890', '서울시 송파구');
-- (null,'email4@example.com', '정지수', '010-4567-8901', '서울시 강북구'),
-- (null,'email5@example.com', '최영호', '010-5678-9012', '서울시 강동구'),
-- (null,'email6@example.com', '김하늘', '010-6789-0123', '서울시 서초구'),
-- (null,'email7@example.com', '이태양', '010-7890-1234', '서울시 동작구'),
-- (null,'email8@example.com', '박소은', '010-8901-2345', '서울시 마포구'),
-- (null,'email9@example.com', '정우진', '010-9012-3456', '서울시 은평구'),
-- (null,'email10@example.com', '최민서', '010-0123-4567', '서울시 강남구'),
-- (null,'email11@example.com', '아저씨', '010-1234-5678', '서울시 중랑구'),
-- (null,'email12@example.com', '김수현', '010-2345-6789', '서울시 종로구'),
-- (null,'email13@example.com', '이지훈', '010-3456-7890', '서울시 중구'),
-- (null,'email14@example.com', '박해진', '010-4567-8901', '서울시 성북구'),
-- (null,'email15@example.com', '정재훈', '010-5678-9012', '서울시 강남구'),
-- (null,'email16@example.com', '김태리', '010-6789-0123', '서울시 송파구'),
-- (null,'email17@example.com', '유승호', '010-7890-1234', '서울시 서대문구'),
-- (null,'email18@example.com', '박보영', '010-8901-2345', '서울시 강서구'),
-- (null,'email19@example.com', '이성민', '010-9012-3456', '서울시 강남구'),
-- (null,'email20@example.com', '김지원', '010-0123-4567', '서울시 강동구'),
-- (null,'email21@example.com', '한지민', '010-1234-5678', '서울시 강북구'),
-- (null,'email22@example.com', '송중기', '010-2345-6789', '서울시 강남구'),
-- (null,'email23@example.com', '한예슬', '010-3456-7890', '서울시 송파구'),
-- (null,'email24@example.com', '송혜교', '010-4567-8901', '서울시 서초구'),
-- (null,'email25@example.com', '이민호', '010-5678-9012', '서울시 동작구'),
-- (null,'email26@example.com', '손예진', '010-6789-0123', '서울시 마포구'),
-- (null,'email27@example.com', '조정석', '010-7890-1234', '서울시 은평구'),
-- (null,'email28@example.com', '한가인', '010-8901-2345', '서울시 강서구'),
-- (null,'email29@example.com', '김소현', '010-9012-3456', '서울시 강동구'),
-- (null,'email30@example.com', '서현진', '010-0123-4567', '서울시 서초구');
-- 발주 db --
insert into sixbeam_erp.pur_orinput_tb (orinput_amt, orinput_sp, orinput_sum, orinput_up, orinput_vat, orinputdlvy_dt, orinputor_dt, orinputreq_dt, account_cd, empinfo_id, item_cd, orinput_cd, orinput_etc) values
(5, 2050000, 2091000, 410000, 41000, str_to_date('2024-01-09', '%Y-%m-%d'), str_to_date('2024-01-02', '%Y-%m-%d'), str_to_date('2023-12-27', '%Y-%m-%d'), 'CPN5277628939', '20241001', 'R1001', 'OR20240102-0001', ''),
(20, 8200000, 8241000, 410000, 41000, str_to_date('2024-01-15', '%Y-%m-%d'), str_to_date('2024-01-09', '%Y-%m-%d'), str_to_date('2024-01-08', '%Y-%m-%d'), 'CPN5277628939', '20241006', 'R1001', 'OR20240109-0001', ''),
(13, 6630000, 6681000, 510000, 51000, str_to_date('2024-01-11', '%Y-%m-%d'), str_to_date('2024-01-04', '%Y-%m-%d'), str_to_date('2024-01-02', '%Y-%m-%d'), 'CPN1029807529', '20241003', 'R1002', 'OR20240104-0001', ''),
(17, 8670000, 8721000, 510000, 51000, str_to_date('2024-01-15', '%Y-%m-%d'), str_to_date('2024-01-09', '%Y-%m-%d'), str_to_date('2024-01-08', '%Y-%m-%d'), 'CPN1029807529', '20241006', 'R1002', 'OR20240109-0002', ''),
(10, 550000, 555500, 55000, 5500, str_to_date('2024-01-09', '%Y-%m-%d'), str_to_date('2024-01-02', '%Y-%m-%d'), str_to_date('2023-12-28', '%Y-%m-%d'), 'CPN4282222263', '20241001', 'R1003', 'OR20240102-0002', ''),
(36, 1980000, 1985500, 55000, 5500, str_to_date('2024-01-15', '%Y-%m-%d'), str_to_date('2024-01-09', '%Y-%m-%d'), str_to_date('2024-01-08', '%Y-%m-%d'), 'CPN4282222263', '20241006', 'R1003', 'OR20240109-0003', ''),
(50, 1450000, 1452900, 29000, 2900, str_to_date('2024-01-15', '%Y-%m-%d'), str_to_date('2024-01-08', '%Y-%m-%d'), str_to_date('2024-01-05', '%Y-%m-%d'), 'CPN6287772501', '20241005', 'R1004', 'OR20240108-0005', ''),
(45, 1305000, 1307900, 29000, 2900, str_to_date('2024-01-15', '%Y-%m-%d'), str_to_date('2024-01-09', '%Y-%m-%d'), str_to_date('2024-01-08', '%Y-%m-%d'), 'CPN6287772501', '20241006', 'R1004', 'OR20240109-0004', ''),
(20, 1960000, 1969800, 98000, 9800, str_to_date('2024-01-11', '%Y-%m-%d'), str_to_date('2024-01-04', '%Y-%m-%d'), str_to_date('2024-01-03', '%Y-%m-%d'), 'CPN8766713365', '20241003', 'R1005', 'OR20240104-0002', ''),
(15, 1470000, 1479800, 98000, 9800, str_to_date('2024-01-15', '%Y-%m-%d'), str_to_date('2024-01-08', '%Y-%m-%d'), str_to_date('2024-01-05', '%Y-%m-%d'), 'CPN8766713365', '20241005', 'R1005', 'OR20240108-0009', ''),
(36, 3528000, 3537800, 98000, 9800, str_to_date('2024-01-15', '%Y-%m-%d'), str_to_date('2024-01-09', '%Y-%m-%d'), str_to_date('2024-01-08', '%Y-%m-%d'), 'CPN8766713365', '20241006', 'R1005', 'OR20240109-0005', ''),
(16, 2720000, 2737000, 170000, 17000, str_to_date('2024-01-12', '%Y-%m-%d'), str_to_date('2024-01-05', '%Y-%m-%d'), str_to_date('2024-01-04', '%Y-%m-%d'), 'CPN4308575449', '20241004', 'R1006', 'OR20240105-0001', ''),
(25, 4250000, 4267000, 170000, 17000, str_to_date('2024-01-15', '%Y-%m-%d'), str_to_date('2024-01-08', '%Y-%m-%d'), str_to_date('2024-01-05', '%Y-%m-%d'), 'CPN4308575449', '20241005', 'R1006', 'OR20240108-0010', ''),
(31, 5270000, 5287000, 170000, 17000, str_to_date('2024-01-15', '%Y-%m-%d'), str_to_date('2024-01-09', '%Y-%m-%d'), str_to_date('2024-01-08', '%Y-%m-%d'), 'CPN4308575449', '20241006', 'R1006', 'OR20240109-0006', ''),
(17, 4573000, 4599900, 269000, 26900, str_to_date('2024-01-12', '%Y-%m-%d'), str_to_date('2024-01-05', '%Y-%m-%d'), str_to_date('2024-01-04', '%Y-%m-%d'), 'CPN1173291319', '20241004', 'R1007', 'OR20240105-0002', ''),
(23, 6187000, 6213900, 269000, 26900, str_to_date('2024-01-15', '%Y-%m-%d'), str_to_date('2024-01-09', '%Y-%m-%d'), str_to_date('2024-01-08', '%Y-%m-%d'), 'CPN1173291319', '20241006', 'R1007', 'OR20240109-0007', ''),
(13, 5239000, 5279300, 403000, 40300, str_to_date('2024-01-12', '%Y-%m-%d'), str_to_date('2024-01-05', '%Y-%m-%d'), str_to_date('2024-01-04', '%Y-%m-%d'), 'CPN8766713365', '20241004', 'R1008', 'OR20240105-0003', ''),
(18, 7254000, 7294300, 403000, 40300, str_to_date('2024-01-15', '%Y-%m-%d'), str_to_date('2024-01-09', '%Y-%m-%d'), str_to_date('2024-01-08', '%Y-%m-%d'), 'CPN8766713365', '20241006', 'R1008', 'OR20240109-0008', ''),
(20, 15820000, 15899100, 791000, 79100, str_to_date('2024-01-15', '%Y-%m-%d'), str_to_date('2024-01-09', '%Y-%m-%d'), str_to_date('2024-01-08', '%Y-%m-%d'), 'CPN6814402423', '20241006', 'R1009', 'OR20240109-0009', ''),
(20, 10760000, 10813800, 538000, 53800, str_to_date('2024-01-15', '%Y-%m-%d'), str_to_date('2024-01-09', '%Y-%m-%d'), str_to_date('2024-01-08', '%Y-%m-%d'), 'CPN8956377612', '20241006', 'R1010', 'OR20240109-0010', ''),
(7, 896000, 908800, 128000, 12800, str_to_date('2024-01-10', '%Y-%m-%d'), str_to_date('2024-01-03', '%Y-%m-%d'), str_to_date('2024-01-02', '%Y-%m-%d'), 'CPN6287772501', '20241002', 'R1011', 'OR20240103-0001', ''),
(9, 1035000, 1046500, 115000, 11500, str_to_date('2024-01-10', '%Y-%m-%d'), str_to_date('2024-01-03', '%Y-%m-%d'), str_to_date('2024-01-02', '%Y-%m-%d'), 'CPN1856927584', '20241002', 'R1012', 'OR20240103-0002', ''),
(15, 1020000, 1026800, 68000, 6800, str_to_date('2024-01-10', '%Y-%m-%d'), str_to_date('2024-01-03', '%Y-%m-%d'), str_to_date('2024-01-02', '%Y-%m-%d'), 'CPN4282222263', '20241002', 'R1013', 'OR20240103-0003', ''),
(25, 2450000, 2459800, 98000, 9800, str_to_date('2024-01-15', '%Y-%m-%d'), str_to_date('2024-01-08', '%Y-%m-%d'), str_to_date('2024-01-05', '%Y-%m-%d'), 'CPN7422636804', '20241005', 'R1014', 'OR20240108-0001', ''),
(30, 1350000, 1354500, 45000, 4500, str_to_date('2024-01-15', '%Y-%m-%d'), str_to_date('2024-01-08', '%Y-%m-%d'), str_to_date('2024-01-05', '%Y-%m-%d'), 'CPN0764320143', '20241005', 'R1015', 'OR20240108-0002', ''),
(25, 3150000, 3162600, 126000, 12600, str_to_date('2024-01-15', '%Y-%m-%d'), str_to_date('2024-01-08', '%Y-%m-%d'), str_to_date('2024-01-05', '%Y-%m-%d'), 'CPN6543637212', '20241005', 'R1016', 'OR20240108-0003', ''),
(35, 1907500, 1912950, 54500, 5450, str_to_date('2024-01-15', '%Y-%m-%d'), str_to_date('2024-01-08', '%Y-%m-%d'), str_to_date('2024-01-05', '%Y-%m-%d'), 'CPN5836847354', '20241005', 'R1017', 'OR20240108-0004', ''),
(30, 2325000, 2332750, 77500, 7750, str_to_date('2024-01-15', '%Y-%m-%d'), str_to_date('2024-01-08', '%Y-%m-%d'), str_to_date('2024-01-05', '%Y-%m-%d'), 'CPN2266939105', '20241005', 'R1018', 'OR20240108-0006', ''),
(37, 6993000, 7011900, 189000, 18900, str_to_date('2024-01-15', '%Y-%m-%d'), str_to_date('2024-01-08', '%Y-%m-%d'), str_to_date('2024-01-05', '%Y-%m-%d'), 'CPN8769359993', '20241005', 'R1019', 'OR20240108-0007', ''),
(40, 2916000, 2923290, 72900, 7290, str_to_date('2024-01-15', '%Y-%m-%d'), str_to_date('2024-01-08', '%Y-%m-%d'), str_to_date('2024-01-05', '%Y-%m-%d'), 'CPN9469359994', '20241005', 'R1020', 'OR20240108-0008', '');
-- 구매 db --
insert into sixbeam_erp.pur_input_tb (inputpur_dt, inputsi_dt, inputsi_fl, inputprg_st, inputpur_cd, orinput_cd, whregist_cd) values
(str_to_date('2024-01-02', '%Y-%m-%d'), null, 0, '대기중', 'PUR20240102-0001', 'OR20240102-0001', 'WHR1003'),
(str_to_date('2024-01-02', '%Y-%m-%d'), null, 0, '대기중', 'PUR20240102-0002', 'OR20240102-0002', 'WHR1003'),
(str_to_date('2024-01-03', '%Y-%m-%d'), null, 0, '대기중', 'PUR20240103-0001', 'OR20240103-0001', 'WHR1003'),
(str_to_date('2024-01-03', '%Y-%m-%d'), null, 0, '대기중', 'PUR20240103-0002', 'OR20240103-0002', 'WHR1003'),
(str_to_date('2024-01-03', '%Y-%m-%d'), null, 0, '대기중', 'PUR20240103-0003', 'OR20240103-0003', 'WHR1003'),
(str_to_date('2024-01-04', '%Y-%m-%d'), null, 0, '대기중', 'PUR20240104-0001', 'OR20240104-0001', 'WHR1003'),
(str_to_date('2024-01-04', '%Y-%m-%d'), null, 0, '대기중', 'PUR20240104-0002', 'OR20240104-0002', 'WHR1003'),
(str_to_date('2024-01-05', '%Y-%m-%d'), null, 0, '대기중', 'PUR20240105-0001', 'OR20240105-0001', 'WHR1003'),
(str_to_date('2024-01-05', '%Y-%m-%d'), null, 0, '대기중', 'PUR20240105-0002', 'OR20240105-0002', 'WHR1003'),
(str_to_date('2024-01-05', '%Y-%m-%d'), null, 0, '대기중', 'PUR20240105-0003', 'OR20240105-0003', 'WHR1003'),
(str_to_date('2024-01-08', '%Y-%m-%d'), null, 0, '대기중', 'PUR20240108-0001', 'OR20240108-0001', 'WHR1003'),
(str_to_date('2024-01-08', '%Y-%m-%d'), null, 0, '대기중', 'PUR20240108-0002', 'OR20240108-0002', 'WHR1003'),
(str_to_date('2024-01-08', '%Y-%m-%d'), null, 0, '대기중', 'PUR20240108-0003', 'OR20240108-0003', 'WHR1003'),
(str_to_date('2024-01-08', '%Y-%m-%d'), null, 0, '대기중', 'PUR20240108-0004', 'OR20240108-0004', 'WHR1003'),
(str_to_date('2024-01-08', '%Y-%m-%d'), null, 0, '대기중', 'PUR20240108-0005', 'OR20240108-0005', 'WHR1003'),
(str_to_date('2024-01-08', '%Y-%m-%d'), null, 0, '대기중', 'PUR20240108-0006', 'OR20240108-0006', 'WHR1003'),
(str_to_date('2024-01-08', '%Y-%m-%d'), null, 0, '대기중', 'PUR20240108-0007', 'OR20240108-0007', 'WHR1003'),
(str_to_date('2024-01-08', '%Y-%m-%d'), null, 0, '대기중', 'PUR20240108-0008', 'OR20240108-0008', 'WHR1003'),
(str_to_date('2024-01-08', '%Y-%m-%d'), null, 0, '대기중', 'PUR20240108-0009', 'OR20240108-0009', 'WHR1003'),
(str_to_date('2024-01-08', '%Y-%m-%d'), null, 0, '대기중', 'PUR20240108-0010', 'OR20240108-0010', 'WHR1003'),
(str_to_date('2024-01-09', '%Y-%m-%d'), null, 0, '대기중', 'PUR20240109-0001', 'OR20240109-0001', 'WHR1003'),
(str_to_date('2024-01-09', '%Y-%m-%d'), null, 0, '대기중', 'PUR20240109-0002', 'OR20240109-0002', 'WHR1003'),
(str_to_date('2024-01-09', '%Y-%m-%d'), null, 0, '대기중', 'PUR20240109-0003', 'OR20240109-0003', 'WHR1003'),
(str_to_date('2024-01-09', '%Y-%m-%d'), null, 0, '대기중', 'PUR20240109-0004', 'OR20240109-0004', 'WHR1003'),
(str_to_date('2024-01-09', '%Y-%m-%d'), null, 0, '대기중', 'PUR20240109-0005', 'OR20240109-0005', 'WHR1003'),
(str_to_date('2024-01-09', '%Y-%m-%d'), null, 0, '대기중', 'PUR20240109-0006', 'OR20240109-0006', 'WHR1003'),
(str_to_date('2024-01-09', '%Y-%m-%d'), null, 0, '대기중', 'PUR20240109-0007', 'OR20240109-0007', 'WHR1003'),
(str_to_date('2024-01-09', '%Y-%m-%d'), null, 0, '대기중', 'PUR20240109-0008', 'OR20240109-0008', 'WHR1003'),
(str_to_date('2024-01-09', '%Y-%m-%d'), null, 0, '대기중', 'PUR20240109-0009', 'OR20240109-0009', 'WHR1003'),
(str_to_date('2024-01-09', '%Y-%m-%d'), null, 0, '대기중', 'PUR20240109-0010', 'OR20240109-0010', 'WHR1003');
-- 재고 db --
insert into sixbeam_erp.st_check_tb (check_amt,check_cd,whmove_cd) values
(1,1,'WHM20240102-0001'),
(5,2,'WHM20240102-0002'),
(10,3,'WHM20240102-0003'),
(2,4,'WHM20240103-0001'),
(5,5,'WHM20240103-0002'),
(7,6,'WHM20240103-0003'),
(9,7,'WHM20240103-0004'),
(15,8,'WHM20240103-0005'),
(1,9,'WHM20240104-0001'),
(4,10,'WHM20240104-0002'),
(13,11,'WHM20240104-0003'),
(20,12,'WHM20240104-0004'),
(2,13,'WHM20240105-0001'),
(5,14,'WHM20240105-0002'),
(10,15,'WHM20240105-0003'),
(16,16,'WHM20240105-0004'),
(17,17,'WHM20240105-0005'),
(13,18,'WHM20240105-0006'),
(4,19,'WHM20240108-0001'),
(10,20,'WHM20240108-0002'),
(50,21,'WHM20240108-0003'),
(15,22,'WHM20240108-0004'),
(25,23,'WHM20240108-0005'),
(25,24,'WHM20240108-0006'),
(30,25,'WHM20240108-0007'),
(25,26,'WHM20240108-0008'),
(35,27,'WHM20240108-0009'),
(30,28,'WHM20240108-0010'),
(37,29,'WHM20240108-0011'),
(40,30,'WHM20240108-0012'),
(20,31,'WHM20240109-0001'),
(20,32,'WHM20240109-0002'),
(17,33,'WHM20240109-0003'),
(36,34,'WHM20240109-0004'),
(45,35,'WHM20240109-0005'),
(36,36,'WHM20240109-0006'),
(31,37,'WHM20240109-0007'),
(23,38,'WHM20240109-0008'),
(18,39,'WHM20240109-0009'),
(20,40,'WHM20240109-0010'),
(20,41,'WHM20240109-0011'),
(15,42,'WHM20240110-0001'),
(20,43,'WHM20240111-0001'),
(13,44,'WHM20240111-0002'),
(15,45,'WHM20240112-0001'),
(13,46,'WHM20240115-0001'),
(7,47,'WHM20240115-0002'),
(7,48,'WHM20240117-0001'),
(8,49,'WHM20240118-0001'),
(8,50,'WHM20240119-0001'),
(8,51,'WHM20240122-0001'),
(3,52,'WHM20240123-0001'),
(8,53,'WHM20240124-0001'),
(2,54,'WHM20240124-0002'),
(3,55,'WHM20240125-0001'),
(2,56,'WHM20240126-0001'),
(3,57,'WHM20240129-0001'),
(3,58,'WHM20240131-0001'),
(5,59,'WHM20240131-0002'),
(7,60,'WHM20240201-0001'),
(8,61,'WHM20240201-0002'),
(7,62,'WHM20240202-0001'),
(3,63,'WHM20240215-0001'),
(10,64,'WHM20240302-0001'),
(7,65,'WHM20240320-0001'),
(6,66,'WHM20240812-0001'),
(9,67,'WHM20240825-0001'),
(4,68,'WHM20240903-0001'),
(12,69,'WHM20240918-0001'),
(8,70,'WHM20240930-0001'),
(10,71,'WHM20240930-0002'),
(15,72,'WHM20240930-0003'),
(20,73,'WHM20240930-0004'),
(12,74,'WHM20240930-0005'),
(18,75,'WHM20240930-0006'),
(10,76,'WHM20240930-0007'),
(15,77,'WHM20240930-0008'),
(8,78,'WHM20240930-0009'),
(25,79,'WHM20240930-0010'),
(14,80,'WHM20240930-0011'),
(20,81,'WHM20240930-0012'),
(10,82,'WHM20240930-0013'),
(12,83,'WHM20240930-0014'),
(19,84,'WHM20240930-0015'),
(14,85,'WHM20240930-0016'),
(16,86,'WHM20240930-0017'),
(10,87,'WHM20240930-0018'),
(22,88,'WHM20240930-0019'),
(16,89,'WHM20240930-0020'),
(20,90,'WHM20240930-0021'),
(1,91,'WHM20241001-0001'),
(1,92,'WHM20241001-0002'),
(1,93,'WHM20241001-0003'),
(1,94,'WHM20241001-0004'),
(1,95,'WHM20241001-0005'),
(1,96,'WHM20241001-0006'),
(1,97,'WHM20241001-0007'),
(1,98,'WHM20241001-0008'),
(1,99,'WHM20241001-0009'),
(1,100,'WHM20241001-0010'),
(1,101,'WHM20241001-0011'),
(1,102,'WHM20241001-0012'),
(1,103,'WHM20241001-0013'),
(1,104,'WHM20241001-0014'),
(1,105,'WHM20241001-0015');